Data Extraída,Valor Total,Objeto,Data de Celebração,Objetivo
26 de MARÇO de 2024,30000.0,"PATROCÍNIO AO PROJETO ""PAIXÃO DE CRISTO - VIDA, PAIXÃO E RESSURREIÇÃO DE JESUS, NO MUNICÍPIO DE VALENÇA(PI)",2023-03-25,"PATROCÍNIO PARA REALIZAÇÃO DO EVENTO PAIXÃO DE CRISTO - VIDA, PAIXÃO E RESSURREIÇÃO DE JESUS, A SER REALIZADO NO DIA 26 DE MARÇO DE 2024, NO MUNICÍPIO DE VALENÇA(PI)."
24 de MARÇO de 2024,30000.0,"PATROCÍNIO AO PROJETO VIA DOLOROSA: PAIXÃO E MORTE DE CRISTO 2ª EDIÇÃO-2024, NO MUNICÍPIO DE PORTO ALEGRE DO PIAUÍ",2024-03-22,"PATROCÍNIO PARA REALIZAÇÃO DO EVENTO VIA DOLOROSA: PAIXÃO E MORTE DE CRISTO - 2ª EDIÇÃO, A SER REALIZADO NO DIA 24 DE MARÇO DE 2024, NO MUNICÍPIO DE PORTO ALEGRE DO PIAUÍ(PI)."
29 de MARÇO de 2024,30000.0,"PATROCÍNIO REFERENTE AO PROJETO PAIXÃO DE CRISTO - A VIA SACRA DO PIAUÍ 2024, NO MUNICÍPIO DE TERESINA(PI)",2024-03-26,"PATROCÍNIO PARA REALIZAÇÃO DO EVENTO: PAIXÃO DE CRISTO - A VIA SACRA DO PIAUÍ 2024, A SER REALIZADO NO PERÍODO DE 27 A 29 DE MARÇO DE 2024, NO MUNICÍPIO DE TERESINA(PI)."
06 de ABRIL de 2024,30000.0,"PATROCÍNIO REFERENTE AO PROJETO PAIXÃO DE CRISTO DO CIDADE JARDIM, NO MUNICÍPIO DE TERESINA(PI)",2024-03-23,"PATROCÍNIO PARA REALIZAÇÃO DO EVENTO PAIXÃO DE CRISTO DO CIDADE JARDIM, A SER REALIZADO NO DIA 06 DE ABRIL DE 2024, NO MUNICÍPIO DE TERESINA(PI)."
08 de junho de 2024,40000.0,APRESENTAÇÃO DO CANTOR WALDO RAMOS NOS FESTEJOS DO MUNICÍPIO DE NAZÁRIA/PI,2024-06-05,"Apresentação artística do CANTOR WALDO RAMOS, no dia 08 de junho de 2024, nos Festejos do Sagrado Coração de Jesus no município de Nazaria ¿PI."
30 de JUNHO de 2024,40000.0,Apresentação DUDU NOGUEIRA nos FESTEJOS DO SAGRADO CORAÇÃO DE JESUS - PATOS/PI,2024-06-18,"Apresentação da banda DUDU NOGUEIRA no encerramento dos FESTEJOS DO SAGRADO CORAÇÃO, município de PATOS/PI, que acontecerá no dia 30 de JUNHO de 2024."
18 de FEVEREIRO de 2023,40000.0,"CARNAVAL DE BARRAS, NO MUNICÍPIO DE BARRAS(PI)",2023-02-16,"REALIZAÇÃO DO CARNAVAL DE BARRAS, NO MUNICÍPIO DE BARRAS(PI), DIA 18 DE FEVEREIRO DE 2023, COM  SHOW ARTISTICO DE DAMASIO NETO NA PRAÇA PRINCIPAL DE BARRAS/PI"
31 de julho de 2024,40000.0,"concessão de patrocínio para a realização do evento Campeonato de Futsal Infanto-Juvenil, a ser realizado no período de 15 à 31 de julho de 2024. no município de Teresina-PI.",2024-06-18,"Concessão de patrocínio para a realização do evento Campeonato de Futsal Infanto-Juvenil, a ser realizado no período de 15 à 31 de julho de 2024."
27 de Dezembro de 2023,40000.0,"Contratação de serviços artísticos musical da banda/artista Damásio Neto para realização de apresentação artística (SHOW) em Cocal dos Alves/PI, no dia 27 de Dezembro de 2023",,"Contratação de serviços artísticos musical da banda/artista Damásio Neto para realização de apresentação artística (SHOW) em Cocal dos Alves/PI, no dia 27 de Dezembro de 2023"
21/10/2023,40000.0,¿FESTA DO LEITE CARAUBAS/PI  DAMÁSIO NETO - PIAUÍ DIA 21/10/2023,2023-10-20,"FESTA DO LEITE CARAUBAS/PI ¿ DAMÁSIO NETO - PIAUÍ DIA 21/10/2023,"
30 de maio de 2024,40000.0,"Realização de apresentação artística com a atração musical de:  JANAÍNA E BANDA, na oportunidade do evento -FESTEJOS JUNINOS DE VALENÇA DO PIAUÍ, que ocorrerá no dia 30 de maio de 2024.",2024-05-28,"Realização de apresentação artística com a atração musical de:  JANAÍNA E BANDA, na oportunidade do evento ¿FESTEJOS JUNINOS DE VALENÇA DO PIAUÍ¿, que ocorrerá no dia 30 de maio de 2024."
27 de MARÇO de 2024,41088.0,"PATROCÍNIO AO PROJETO ESPETÁCULO PAIXÃO DE CRISTO 2024, NO MUNICÍPIO DE OEIRAS(PI)",2024-03-26,"PATROCÍNIO PARA A REALIZAÇÃO DO EVENTO ESPETÁCULO PAIXÃO DE CRISTO 2024, A SER REALIZADO NO DIA 27 DE MARÇO DE 2024, NO MUNICÍPIO DE OEIRAS(PI)."
16 de MARÇO de 2024,45000.0,"a à apresentação musical da banda/artista DUDU NOGUEIRA na oportunidade dos REGATA DAS CANOAS 2024 da cidade de BURITI DOS LOPES/PI, que acontecerá dia 16 de MARÇO de 2024.",2024-03-08,"Apresentação musical da banda/artista DUDU NOGUEIRA na oportunidade dos REGATA DAS CANOAS 2024 da cidade de BURITI DOS LOPES/PI, que acontecerá dia 16 de MARÇO de 2024."
29 de ABRIL de 2024,45000.0,Apresentação do artista DUDU NOGUEIRA em CANAVIEIRA/PI,2024-04-29,"Apresentação musical da banda/artista DUDU NOGUEIRA na oportunidade do ANIVERSARIO da cidade de CANAVIEIRA/PI, que acontecerá dia 29 de ABRIL de 2024."
28 de ABRIL de 2024,45000.0,Apresentação do artista DUDU NOGUEIRA em VARZEA BRANCA/PI,2024-04-26,"Apresentação musical da banda/artista DUDU NOGUEIRA na oportunidade do ANIVERSARIO da cidade de VARZEA BRANCA/PI, que acontecerá dia 28 de ABRIL de 2024."
01 de MAIO de 2024,45000.0,FESTA DO TRABALHADOR no município de DIRCEU ARCOVERDE/PI,2024-04-29,"FESTA DO TRABALHADOR do município de DIRCEU ARCOVERDE/PI, que será realizado no dia 01 de MAIO de 2024"
12 de MAIO de 2024,45000.0,FESTEJOS do município de DIRCEU ARCOVERDE/PI,2024-05-03,"FESTEJOS do município de DIRCEU ARCOVERDE/PI, que será realizado no dia 12 de MAIO de 2024"
23 de JULHO de 2024,50000.0,"à apresentação musical da banda/artista FAFÁ SANTANA na oportunidade do 15° FESTIVAL CULTURAL BEIJA-FLOR DO SERTÃO em PIMENTEIRAS-PI, que acontecerá no dia 23 de JULHO de 2024.",2024-07-17,"à apresentação musical da banda/artista FAFÁ SANTANA na oportunidade do 15° FESTIVAL CULTURAL BEIJA-FLOR DO SERTÃO em PIMENTEIRAS-PI, que acontecerá no dia 23 de JULHO de 2024."
14 de dezembro de 2023,50000.0,ANIVERSÁRIO DA CIDADE DE SÃO GONÇALO DO GURGUÉIA(PI),,"Contratação de atrações musicais (bandas), para promoção de shows artísticos no evento: Aniversário da Cidade a ser realizado no dia 14 de dezembro de 2023, no município de São Gonçalo do Gurguéia(PI)."
24 de MAIO de 2023,50000.0,"ANIVERSÁRIO DE MIGUEL ALVES, NO MUNICÍPIO DE MIGUEL ALVES(PI)",2023-05-22,"REALIZAÇÃO DO ANIVERSÁRIO DE MIGUEL ALVES(PI), DIA 24 DE MAIO DE 2023, COM A ATRAÇÃO ARTÍSTICA(SHOW)DA BANDA FORRÓ BANDIDO, NA PRAÇA PÚBLICA DO MUNICÍPIO."
05 de JULHO de 2024,50000.0,APRESENTAÇÃO DA BANDA CH CANTOR NOS FESTEJOS DA COHAB - CASTELO DO PIAUI,2024-07-02,"CONTRATAÇÃO DA BANDA/ARTISTA CH CANTOR PARA APRESENTAÇÃO NOS FESTEJOS DA COHAB, NO MUNICÍPIO DE CASTELO DO PIAUÍ, QUE SERÁ REALIZADO NO DIA 05 DE JULHO DE 2024."
22 de JUNHO de 2024,50000.0,Apresentação da banda XENHENHEM na oportunidade dos FESTEJOS DE SÃO JOÃO DO PIAUÍ/PI,2024-05-10,"Apresentação artístico musical da banda XENHENHEM, na oportunidade dos FESTEJOS DE SÃO JOÃO DO PIAUÍ/PI, que acontecerá dia 22 de JUNHO de 2024."
15 de junho de 2024,50000.0,Apresentação da banda XENHENHEM no II FESTIVAL JUNINO DO RESTAURANTE NAZARIA,2024-05-10,"Apresentação artístico musical da banda XENHENHEM, na oportunidade do II FESTIVAL JUNINO DO RESTAURANTE NAZÁRIA, que acontecerá dia 15 de junho de 2024 no município de Nazária do Piauí/PI."
12 de JUNHO de 2024,50000.0,Apresentação da banda XENHENHEM nos Festejos da cidade de GUARIBAS DO PIAUI,2024-06-11,"Contratação direta da banda XENHENHEM, para apresentação nos FESTEJOS da cidade de GUARIBAS DO PIAUÍ/PI, que acontecerá dia 12 de JUNHO de 2024."
14 de JUNHO de 2024,50000.0,Apresentação da banda XENHENHEM nos Festejos da cidade de MONSENHOR GIL,2024-06-14,"Apresentação artístico musical da banda XENHENHEM, na oportunidade dos FESTEJOS da cidade de MONSENHOR GIL DO PIAUÍ/PI, que acontecerá dia 14 de JUNHO de 2024."
10 de MAIO de 2024,50000.0,Apresentação da banda XENHENHEM nos festejos do município de DIRCEU ARCOVERDE/PI,2024-05-10,"Apresentação artístico musical da banda XENHENHEM, na oportunidade dos FESTEJOS da cidade de DIRCEU ARCOVERDE/PI, que acontecerá dia 10 de MAIO de 2024."
24 de MAIO de 2024,50000.0,Apresentação da banda XENHENHEM nos festejos do município de JUREMA DO PIAUÍ/PI,2024-05-10,"Apresentação artístico musical da banda XENHENHEM, na oportunidade dos FESTEJOS da cidade de JUREMA DO PIAUÍ/PI, que acontecerá dia 24 de MAIO de 2024."
29 de ABRIL de 2024,50000.0,APRESENTAÇÃO DO ARTISTA ÁLVARO NETO NO ANIVERSÁRIO DA CIDADE DE CANAVIEIRA/PI,2024-04-18,"apresentação musical da banda/artista ÁLVARO NETO na oportunidade do ANIVERSÁRIO da cidade de CANAVIEIRA/PI, que acontecerá dia 29 de ABRIL de 2024."
09 de MAIO de 2024,50000.0,Apresentação do artista JOÃO PISADA nos festejos do município DIRCEU ARCOVERDE,2024-04-26,"Apresentação musical da banda/artista JOÃO PISADA na oportunidade dos FESTEJOS da cidade de DIRCEU ARCOVERDE/PI, que acontecerá dia 09 de MAIO de 2024."
19 de JULHO de 2024,50000.0,APRESENTAÇÃO DO ARTISTA JOAO PISADA NO VIVAMAR 2024 - AMARANTE/PI,2024-07-19,"CONTRATAÇÃO DA BANDA/ARTISTA JOÃO PISADA, PARA APRESENTAÇÃO NO VIVA MAR 2024, NO MUNICÍPIO DE AMARANTE-PI, QUE SERÁ REALIZADO EM 19 DE JULHO DE 2024. Nº 190/2024."
19 de Julho de 2024,50000.0,APRESENTAÇÃO FAFÁ SANTANA NA 40ª FESTA DO VAQUEIRO EM CONCEIÇÃO DO CANINDÉ/PI,2024-07-17,"Apresentação musical da banda/artista FAFÁ SANTANA na oportunidade do 40º FESTA DO VAQUEIRO em CONCEIÇÃO DO CANINDÉ-PI, que acontecerá no dia 19 de Julho de 2024."
13 de Julho de 2024,50000.0,APRESENTAÇÃO FAFÁ SANTANA NO ARRAIÁ DE NÓS TUDIM EM CURRAL NOVO DO PIAUÍ,2024-07-12,"Apresentação musical da banda/artista FAFÁ SANTANA na oportunidade do ARRAIÁ DE NÓS TUDIM em CURRAL NOVO DO PIAUÍ-PI, que acontecerá no dia 13 de Julho de 2024."
10 de MAIO de 2024,50000.0,Apresentação JOÃO PISADA nos FESTEJOS DE SÃO RAIMUNDO NONATO/PI,2024-05-09,"Apresentação musical da banda/artista JOÃO PISADA na oportunidade dos FESTEJOS da cidade de SÃO RAIMUNDO NONATO/PI, que acontecerá dia 10 de MAIO de 2024."
30 de JUNHO de 2024,50000.0,Apresentação XENHENHEM nos FESTEJOS DO SAGRADO CORAÇÃO DE JESUS NA CIDADE DE PATOS DO PAIUÍ/PI,2024-06-18,"Apresentação artístico-musical da banda XENHENHEM, nos FESTEJOS DO SAGRADO CORAÇÃO DE JESUS NA CIDADE DE PATOS DO PAIUÍ/PI, que acontecerá dia 30 de JUNHO de 2024."
19 de JULHO de 2024,50000.0,Apresentação XENHENHEM no XI BELARRAIÁ da cidade de BELÉM DO PIAUÍ/PI,2024-06-17,"Apresentação artístico-musical da banda XENHENHEM, no XI BELARRAIÁ da cidade de BELÉM DO PIAUÍ/PI, que acontecerá dia 19 de JULHO de 2024."
07 de JULHO de 2024,50000.0,Apresentação XENHENHEM no XXXI ENCONTRO DE TRADIÇÕES JUNINAS DE JOSÉ DE FREITAS/PI,2024-06-17,"Apresentação artístico-musical da banda XENHENHEM, na oportunidade do XXXI ENCONTRO DE TRADIÇÕES JUNINAS DE JOSÉ DE FREITAS/PI, que acontecerá dia 07 de JULHO de 2024."
13 de FEVEREIRO de 2024,50000.0,CARNAVAL DA CIDADE EM  VALENÇA DO PIAUÍ-PI,2024-02-09,"à apresentação musical da banda/artista FAFÁ SANTANA na oportunidade do CARNAVAL DA CIDADE em VALENÇA DO PIAUÍ-PI, que acontecerá no dia 13 de FEVEREIRO de 2024."
11/02/2024,50000.0,¿ Carnaval de Socorro do Piauí ¿,2024-02-09,REALIZAÇAO DE APRESENTAÇAO ARTISTICA DA BANDA EDY SACANA A SER REALIZADO NO MUNICIPIO DE SOCORRO DO PIAUI NO DIA 11/02/2024
13 de FEVEREIRO de 2024,50000.0,CARNAVAL DE VALENÇA DO PIAUÍ,2024-02-09,"à apresentação musical da artista EDY SACANA, na oportunidade do CARNAVAL DE VALENÇA DO PIAUÍ da cidade de VALENÇA DO PIAUÍ, que acontecera no dia 13 DE FEVEREIRO DE 2024."
02/02/2024,50000.0,CH Cantor - Nossa Senhora dos Remédios 02/02/2024,,CH Cantor - Nossa Senhora dos Remédios 02/02/2024
18 de NOVEMBRO de 2023,50000.0,circuito regional de vaquejada no parque Joaquim branco da cidade de INHUMA - PI,,"e à apresentação artísticomusical da banda XENHENHEM, na oportunidade da Final do circuito regional de vaquejada no parque Joaquim branco da cidade de INHUMA - PI acontecerá dia 18 de NOVEMBRO de 2023."
11 de JUNHO de 2023,50000.0,"FESTEJOS DE SANTO ANTÔNIO DOS MILAGRES, NO MUNICÍPIO DE SANTO ANTONIO DOS MILAGRES(PI)",2023-06-05,"FESTEJOS DE SANTO ANTÔNIO DOS MILAGRES, NO MUNICÍPIO DE SANTO ANTONIO DOS MILAGRES(PI), DIA 11 DE JUNHO DE 2023, COM A ATRAÇÃO ARTÍSTICA(SHOW) DA BANDA FORRÓ BANDIDO, NA PRAÇA PÚBLICA DO MUNICÍPIO."
28 de SETEMBRO de 2023,50000.0,FESTEJOS DE SÃO MIGUEL ARCANJO EM SANTO ANTÔNIO DOS MILAGRES(PI),2023-09-27,"CONTRATAÇÃO DE ATRAÇÕES MUSICAIS (BANDAS), PARA APRESENTAÇÃO DE SHOWS ARTÍSTICO NO EVENTO: FESTEJOS DE SÃO MIGUEL ARCANJO, NO DIA 28 DE SETEMBRO DE 2023, NO MUNICÍPIO DE SANTO ANTÔNIO DOS MILAGRES(PI)."
08 de DEZEMBRO de 2023,50000.0,"PATROCÍNIO REFERENTE AO PROJETO ""MAGIC DAY PAREDE 2023"", NO MUNICÍPIO DE TERESINA(PI)",,"PATROCÍNIO PARA REALIZAÇÃO DO EVENTO ""MAGIC DAY PAREDE 2023"" A SER REALIZADO NO DIA 08 DE DEZEMBRO DE 2023, NO MUNICÍPIO DE TERESINA(PI)."
17 de JULHO de 2024,50000.0,"PATROCÍNIO REFERENTE AO PROJETO MEMÓRIAS NAGÔ NO MEMORIAL ESPERANÇA GARCIA, NO MUNICÍPIO DE TERESINA(PI).",2024-07-04,"PATROCÍCIO PARA REALIZAÇÃO DO EVENTO: MEMÓRIAS NAGÔ, A SER REALIZADO NO DIA 17 DE JULHO DE 2024, NO MEMORIAL ESPERANÇA GARCIA, NO MUNICÍPIO DE TERESINA(PI)."
24 de MAIO de 2024,50000.0,"PATROCÍNIO REFERENTE AO PROJETO SEDA #7  SEMANA DE DANÇA NA ESCOLA, NO MUNICÍPIO DE TERESINA(PI)",2024-05-13,"CONCESSÃO DE PATROCÍNIO PARA A REALIZAÇÃO DO EVENTO SEDA #7 - SEMANA DE DANÇA NA ESCOLA, A SER REALIZADO NO PERÍODO DE 14 A 24 DE MAIO DE 2024, NO MUNICÍPIO DE TERESINA(PI)."
12 de FEVEREIRO de 2024,50000.0,"PROPOSTA REFERENTE A CONTRATAÇÃO MUSICAL DO ARTISTA EDY SACANA NO EVENTO CARNAVAL DE TERESINA, A SER REALIZADO NO DIA 12 DE FEVEREIRO DE 2024, NO MUNICIPIO DE TERESINA-PI.",2024-02-09,"PROPOSTA REFERENTE A CONTRATAÇÃO MUSICAL DO ARTISTA EDY SACANA NO EVENTO CARNAVAL DE TERESINA, A SER REALIZADO NO DIA 12 DE FEVEREIRO DE 2024, NO MUNICÍPIO DE TERESINA-PI."
08 de abril de 2024,50000.0,"referente à apresentação artísticomusical da banda XENHENHEM, na oportunidade do aniversário de 60 anos da cidade de SANTO ANTÔNIO DE LISBOA/PI, que acontecerá dia 08 de abril de 2024.",2024-04-08,"referente à apresentação artísticomusical da banda XENHENHEM, na oportunidade do aniversário de 60 anos da cidade de SANTO ANTÔNIO DE LISBOA/PI, que acontecerá dia 08 de abril de 2024."
04 de Maio de 2024,50000.0,"Referente a apresentação musical banda João Pisada na ""Festa do Vaqueiro "" no dia 04 de Maio de 2024 no município de Lagoa do Piauí - PI",2024-04-25,"Referente a apresentação musical banda João Pisada na ""Festa do Vaqueiro "" no dia 04 de Maio de 2024 no município de Lagoa do Piauí - PI"
11 de Maio de 2024,50000.0,"Referente a apresentação musical banda João Pisada na ""Festa do Vaqueiro "" no dia 11 de Maio de 2024 no município de Boqueirão - PI",2024-05-09,"Referente a apresentação musical banda João Pisada na ""Festa do Vaqueiro "" no dia 11 de Maio de 2024 no município de Boqueirão - PI"
04 de Maio de 2024,50000.0,"Referente a apresentação musical CH Cantor na ""Festa do Vaqueiro "" no dia 04 de Maio de 2024 no município de Lagoa do Piauí - PI",2024-04-25,"Referente a apresentação musical CH Cantor na ""Festa do Vaqueiro "" no dia 04 de Maio de 2024 no município de Lagoa do Piauí - PI"
02/02/2024,50000.0,THALIA FERREIRA - Nossa Senhora dos Remédios 02/02/2024,,THALIA FERREIRA - Nossa Senhora dos Remédios 02/02/2024
01 de DEZEMBRO de 2023,50000.0,XVII CONGRESSO NORDESTINO DE PRODUÇÃO ANIMAL 2023 NO MUNICÍPIO DE TERESINA(PI),2023-11-29,"CONTRATAÇÃO DE ATRAÇÕES ARTÍSTICAS, PARA APRESENTAÇÃO NO EVENTO: XVII CONGRESSO NORDESTINO DE PRODUÇÃO ANIMAL 2023, A SER REALIZADO NO PERIODO DE 29 DE NOVEMBRO A 01 DE DEZEMBRO DE 2023, NO MUNICÍPIO DE TERESINA(PI)."
11 de MAIO de 2024,55000.0,Apresentação PALOMA NUNES E BANDA nos FESTEJOS DE SÃO RAIMUNDO NONATO/PI,2024-05-09,"Apresentação musical da banda/artista PALOMA NUNES E BANDA na oportunidade dos FESTEJOS da cidade de SÃO RAIMUNDO NONATO/PI, que acontecerá dia 11 de MAIO de 2024."
16 de março de 2024,55000.0,Referente apoio ao evento Circuito AVASMPI de Vaquejada no município de Simplicío Mendes - PI,2024-03-13,Referente apoio ao evento Circuito AVASMPI de Vaquejada no município de Simplício Mendes - PI No dia 16 de março de 2024.
26 de abril de 2024,55000.0,"Referente a Realização do evento ""XII CAPRINOVA"" a ser realizada no Município de Queimada Nova - PI em 26 de abril de 2024.",2024-04-05,"Referente a Realização do evento ""XII CAPRINOVA"" a ser realizada no Município de Queimada Nova - PI em 26 de abril de 2024."
13 de agosto de 2023,60000.0,"FESTEJOS DE COCAL - Contratação de um show musical do artista JOTAVÊ, a apresentação acontece no dia 13 de agosto de 2023.",2023-08-11,"FESTEJOS DE COCAL - Contratação de um show musical do artista JOTAVÊ, a apresentação acontece no dia 13 de agosto de 2023."
20 de FEVEREIRO de 2023,60000.0,"REALIZAÇÃO DO CARNAVAL DE MANOEL EMÍDIO(PI) , COM SHOW MUSICAL DA BANDA PÉ DE OURO, NO DIA 20 DE FEVEREIRO DE 2023.",2023-02-17,"REALIZAÇÃO DO CARNAVAL DE MANOEL EMÍDIO(PI) , COM SHOW MUSICAL DA BANDA PÉ DE OURO, NO DIA 20 DE FEVEREIRO DE 2023."
21 de JULHO de 2024,70000.0,APRESENTAÇÃO DA BANDA CRISTIAN RIBEIRO NA 47ª EXPOCORRENTE,2024-07-19,"CONTRATAÇÃO DA BANDA/ARTISTA CRISTIAN RIBEIRO E BANDA, PARA APRESENTAÇÃO NA 47ª EXPOCORRENTE, NO MUNICÍPIO DE CORRENTE-PI, QUE SERÁ REALIZADO NO DIA 21 DE JULHO DE 2024."
03 de MAIO de 2024,70000.0,Apresentação do artista WALDO RAMOS nos festejos do município de LAGOA DO PIAUI,2024-04-26,"Apresentação musical da banda/artista WALDO RAMOS na oportunidade dos FESTEJOS DO MUNICIPIO de LAGOA DO PIAUI/PI, que acontecerá dia 03 de MAIO de 2024."
15 de Agosto de 2023,70000.0,"CONTRATAÇÃO DE SHOW MUSICAL DA BANDA EDY SACANA NO EVENTO ANIVERSÁRIO, NO MUNICIPIO DE GILBUÉS-PI,.",2023-08-07,"O objeto do presente contrato é a apresentação artística da banda EDY SACANA, contratado através de seu a empresário exclusivo empresa ACONTECE EVENTOS LIMITADA, a ser realizada no evento ANIVERSÁRIO, em Gilbués-PI , no dia 15 de Agosto de 2023, com duração de 02:00h cada show, sob a supervisão e realização da COORDENADORIA DE ENFRENTAMENTO ÀS DROGAS E FOMENTO AO LAZER DO ESTADO DO PIAUÍ-CENDFOL, com preços praticados de acordo com o mercado artístico, conforme artigo 25, inciso III da Lei nº 8.666/93, obedecendo aos preceitos no artigo 26 da mesma Lei que rege as Licitações Públicas."
29 de JUNHO de 2024,70000.0,ENDURO RALLY DA AMIZADE - 2ª EDIÇÃO,2024-06-25,"PATROCÍNIO DA 2ª EDIÇÃO DO PROJETO ""ENDURO RALLY DA AMIZADE"", QUE SERÁ REALIZADO DIAS 28 E 29 DE JUNHO DE 2024, ENTRE OS MUNICÍPIOS DE TERESINA E FLORIANO-PI"
13 de agosto de 2023,70000.0,"FESTEJOS COCAL - a apresentação artística com a atração musical do Cantor CRISTIAN RIBEIRO e BANDA, por ocasião do Evento do FESTEJA COCAL 2023, na Cidade de Cocal - Piauí, no dia 13 de agosto de 2023",2023-08-11,"FESTEJOS COCAL -  Apresentação artística com a atração musical do Cantor CRISTIAN RIBEIRO e BANDA, por ocasião do Evento do FESTEJA COCAL 2023, na Cidade de Cocal - Piauí, no dia 13 de agosto de 2023"
13 de FEVEREIRO de 2024,75000.0,"CONTRATAÇÃO DE EMPRESA PARA REALIZAÇÃO DO EVENTO ¿CARNAVAL 2024¿, NO DIA 13 DE FEVEREIRO DE 2024, NO MUNICÍPIO DE NOVA SANTA RITA-PI",2024-02-09,"CONTRATAÇÃO DE EMPRESA PARA REALIZAÇÃO DO EVENTO ¿CARNAVAL 2024¿, NO DIA 13 DE FEVEREIRO DE 2024, NO MUNICÍPIO DE NOVA SANTA RITA -PI."
18 de MARÇO de 2024,80000.0,"Á apresentação musical da banda/artista DAMASI  NETO na oportunidade dos	FESTEJOS	 da	cidade de INHUMA/PI, que acontecerá dia 18 de MARÇO de 2024.",2024-03-08,"Á apresentação musical da banda/artista DAMASIO NETO na oportunidade dos FESTEJOS da cidade de INHUMA/PI, que acontecerá dia 18 de MARÇO de 2024."
15/06/2024,80000.0,"apresentação artística conforme detalhamento abaixo, na cidade de Domingos Mourão - PI, a partir das 22:00 Horas com duração de 02:00 (duas horas), Participação de 20 integrantes entre 1ª festa Junina de Domingos Mourão, atração na Data Local 15/06/2024. SHOW da 1ª festa Junina de Domingos Mourão / PI, BANDA DAMASIO NETO",2024-06-14,"apresentação artística conforme detalhamento abaixo, na cidade de Domingos Mourão - PI, a partir das 22:00 Horas com duração de 02:00 (duas horas), Participação de 20 integrantes entre 1ª festa Junina de Domingos Mourão, atração na Data Local 15/06/2024. SHOW da 1ª festa Junina de Domingos Mourão / PI, BANDA DAMASIO NETO"
03 de MAIO de 2024,80000.0,Apresentação do artista DAMÁSIO NETO nos festejos do município de LAGOA DO PIAUI,2024-04-26,"Apresentação musical da banda/artista DAMASIO NETO na oportunidade dos FESTEJOS DO MUNICIPIO de LAGOA DO PIAUI/PI, que acontecerá dia 03 de MAIO de 2024."
28 de abril de 2024,80000.0,APRESETAÇÃO DAMÁSIO NETO NO ANIVERSÁRIO DE JACOBINA/PI,2024-04-25,"Apresentação musical da banda/artista DAMASIO NETO na oportunidade do ANIVERSÁRIO DA CIDADE de JACOBINA /PI, que acontecerá dia 28 de abril de 2024."
11 de FEVEREIRO de 2024,80000.0,CARNAVAL DO POVO NO MUNICÍPIO DE CASTELO DO PIAUÍ,2024-02-08,"CONTRATAÇÃO DE ATRAÇÃO MUSICAL(BANDA : Marcus Julião ) , PARA REALIZAÇÃO DO CARNAVAL DO POVO, EM CASTELO DO PIAUI, A SER REALIZADO DIA 11 DE FEVEREIRO DE 2024, NO MUNICÍPIO DE CASTELO DO PIAUÍ."
22/06/2024,80000.0,Contratação de show artístico da Banda MARCUS JULIÃO e bandas locais no ANIVERSÁRIO DA CIDADE do município de Palmeirais-PI. DIA 22/06/2024,2024-04-23,Contratação de show artístico da Banda MARCUS JULIÃO e bandas locais no ANIVERSÁRIO DA CIDADE do município de Palmeirais-PI. DIA 22/06/2024
04/11/2023,80000.0,Evento BANDA SOM E LOUVOR  - COCAL/PIAUI DIA 04/11/2023,2023-11-04,Evento BANDA SOM E LOUVOR  - COCAL/PIAUI DIA 04/11/2023
12 de JULHO de 2024,80000.0,"EVENTO FESTIVAL JUNINO DE CAJUEIRO DA PRAIA-PI, a ser realizado no munícipio de Cajueiro da Praia-PI, no dia  12 DE JULHO de 2024, com duração de 02:00 horas cada show,",2024-07-12,"EVENTO FESTIVAL JUNINO DE CAJUEIRO DA PRAIA-PI, a ser realizado no munícipio de Cajueiro da Praia-PI, no dia  12 DE JULHO de 2024, com duração de 02:00 horas cada show,"
01/05/2024,80000.0,Festa do trabalhador no municipio de Dirceu Arcoverde,2024-04-08,"REALIZAÇÃO DE APRESENTAÇÃO ARTÍSTICA DA BANDA DAMASIO NETO A SER REALIZADA NA FESTA DO TRABALHADOR NA CIDADE DE DIRCEU ARCOVERDE - PI, NO DIA 01/05/2024, COM DURAÇÃO DE 01:30 HRS"
12/08/2023,80000.0,FESTEJOS DE COCAL -contrato de apresentação musical com duração de 02 (duas) horas de apresentação. NO DIA 12/08/2023,2023-08-11,FESTEJOS DE COCAL -contrato de apresentação musical com duração de 02 (duas) horas de apresentação. NO DIA 12/08/2023
30 de SETEMBRO de 2023,80000.0,"FESTEJOS NA CIDADE DE TAMBORIL, NO MUNICÍPIO DE TAMBORIL DO PIAUÍ(PI)",2023-09-26,"CONTRATAÇÃO DE ATRAÇÕES MUSICAIS(BANDAS), PARA APRESENTAÇÃO DE SHOW ARTÍSTICO NO EVENTO: FESTEJOS NA CIDADE DE TAMBORIL EM TAMBORIL DO PIAUÍ, A SER REALIZADO DIA 30 DE SETEMBRO DE 2023, NO MUNICÍPIO DE TAMBORIL(PI)"
06 de dezembro de 2023,80000.0,"PATROCÍNIO REFERENTE AO PROJETO 5ª CONFERÊNCIA ESTADUAL DE CULTURA, NO MUNICÍPIO DE TERESINA(PI)",2023-12-04,"Patrocínio para realização do evento: 5ª Conferência Estadual de Cultura. Como tema ""Democracia e Direito à Cultura¿. Esta iniciativa tem como objetivo promover, fortalecer e dar voz à rica diversidade cultural que permeia nosso estado, e ao mesmo tempo, desenvolver a construção de políticas públicas que valorizem e protejam o nosso patrimônio cultural. Realizado nos dias 05 e 06 de dezembro de 2023 no município de Teresina(PI)."
11 de maio de 2024,80000.0,"Referente a Realização do evento ""FESTA DO VAQUEIRO"" a ser realizada no Município de Boqueirão - PI em 11 de maio de 2024.",2024-04-29,"Referente a Realização do evento ""FESTA DO VAQUEIRO"" a ser realizada no Município de Boqueirão - PI em 11 de maio de 2024.  Damasio Neto"
13/02/2024,80000.0,".SHOW de Carnaval da Cidade de Cajueiro da Praia / PI, BANDA DAMASIO NETO NA DATA 13/02/2024",2024-02-09,"SHOW de Carnaval da Cidade de Cajueiro da Praia / PI, BANDA DAMASIO NETO.SHOW de Carnaval da Cidade de Cajueiro da Praia / PI, BANDA DAMASIO NETO NA DATA 13/02/2024"
21 de FEVEREIRO de 2023,90000.0,"CARNAVAL DE PEDRO II, MUNICIPIO DE PEDRO II (PI)",2023-02-17,"REALIZACAO  DO CARNAVAL DE PEDRO II (PI). COM APRESENTAÇÃO ARTÍSTICA DA BANDA FORRÓ DOS PLAYS, NO DIA 21 DE FEVEREIRO DE 2023"
21 de fevereiro de 2023,90000.0,"CARNAVAL NO MUNICÍPIO DE GUADALUPE(PI). com apresentação artística da Banda : Canários do Reino, no dia 21 de fevereiro de 2023.",2023-02-17,"CARNAVAL NO MUNICÍPIO DE GUADALUPE(PI). com apresentação artística da Banda : Canários do Reino, no dia 21 de fevereiro de 2023."
29 de JUNHO de 2024,90000.0,"FESTEJOS DO BAIRRO POTI VELHO, NO MUNICÍPIO DE TERESINA(PI)",2024-06-25,"CONTRATAÇÃO DE ATRAÇÕES MUSICAIS(BANDAS) PARA APRESENTAÇÃO ARTÍSTICA NO EVENTO: FESTEJOS DO BAIRRO POTI VELHO, A SER REALIZADO NO PERÍODO DE 21 A 29 DE JUNHO DE 2024, NO MUNICÍPIO DE TERESINA(PI)"
07 de JULHO de 2023,90000.0,REALIZAÇÃO DO FESTIVAL DE QUADRILHAS DE JOCA MARQUES(PI),2023-07-05,"REALIZAÇÃO DO FESTIVAL DE QUADRILHAS DE JOCA MARQUES(PI), COM SHOW ARTÍSTICO DA BANDA FORRÓ DOS  PLAYS, A SER REALIZADO DIA 07 DE JULHO DE 2023, NA CIDADE DE JOCA MARQUES(PI)."
14 de dezembro de 2023,100000.0,"ANIVERSÁRIO DA CIDADE DE JOCA MARQUES, NO MUNICÍPIO DE JOCA MARQUES(PI)",,"Contratação de atrações musicais (bandas), para promoção de shows artísticos no evento: Aniversário da Cidade de Joca Marques no dia 14 de dezembro de 2023 no município de Joca Marques(PI)."
13 de dezembro de 2023,100000.0,ANIVERSÁRIO DA CIDADE DE OLHO D'AGUA DO PIAUÍ,2023-12-12,"Contratação de Artista(Banda) para a apresentação no Evento: Aniversário Da Cidade de Olho D'Água do Piauí a ser realizado no dia 13 de dezembro de 2023, no município de Olho d´Água do Piauí (PI)."
29 de ABRIL de 2024,100000.0,"ANIVERSÁRIO DA CIDADE DE PASSAGEM FRANCA, NO MUNICÍPIO DE PASSAGEM FRANCA DO PIAUÍ",2024-04-29,"CONTRATAÇÃO DE ATRAÇÃO MUSICAL(BANDA), PARA APRESENTAÇÃO ARTÍSTICA NOEVENTO: ANIVERSÁRIO DA CIDADE DE PASSAGEM FRANCA, A SER REALIZADO NO DIA 29 DE ABRIL DE 2024, NO MUNICÍPIO DE PASSAGEM FRANCA DO PIAUÍ"
15 de ABRIL de 2024,100000.0,ANIVERSÁRIO DA CIDADE DE SANTO ANTONIO DE LISBOA(PI),2024-04-12,"CONTRATAÇÃO DE ATRAÇÕES MUSICAIS(BANDAS), PARA APRESENTAÇÃO ARTÍSTICA NO EVENTO: ANIVERSÁRIO DA CIDADE DE SANTO ANTONIO DE LISBOA, A SER REALIZADO NO DIA 15 DE ABRIL DE 2024, NO MUNICÍPIO DE SANTO ANTONIO DE LISBOA."
10 de MAIO de 2024,100000.0,Apresentação ANDERSON RODRIGUES nos FESTEJOS DE SÃO RAIMUNDO NONATO/PI,2024-05-10,"Apresentação musical da banda/artista ANDERSON RODRIGUES na oportunidade dos FESTEJOS da cidade de SÃO RAIMUNDO NONATO/PI, que acontecerá dia 10 de MAIO de 2024."
09 de MAIO de 2024,100000.0,Apresentação do artista ANDERSON RODRIGUES nos festejos do município DIRCEU ARCOVERDE,2024-04-26,"Apresentação musical da banda/artista ANDERSON RODRIGUES na oportunidade dos FESTEJOS da cidade de DIRCEU ARCOVERDE/PI, que acontecerá dia 09 de MAIO de 2024."
20 de FEVEREIRO de 2023,100000.0,"CARNAVAL DE ANGICAL, NO MUNICÍPIO DE ANGICAL(PI)",2023-02-17,"REALIZAÇÃO DO CARNAVAL DE ANGICAL, NO MUNICÍPIO DE ANGICAL(PI), COM APRESENTA MUSICAL DO CANTOR WELLIGTON OLIVEIRA E DA CANTORA JANAÍNA E BANDA, DIA 18 E 20 DE FEVEREIRO DE 2023, NA PRAÇA PRINCIAPAL DO MUNICÍPIO."
11 de OUTUBRO de 2023,100000.0,FESTEJOS DE FÁTIMA,2023-10-11,"FESTEJOS DE FÁTIMA, A SER REALIZADO NO DIA 11 DE OUTUBRO DE 2023, NO MUNICÍPIO DE PICOS-PI."
11 de Fevereiro de 2024,100000.0,"O objeto do presente contrato é a apresentação artística da banda FORRÓ SUPERID , contratado através de seu empresário exclusivo, empresa R GOMES DA CUNHA LTDA, NO EVENTO CARNAVAL DO MUNICÍPIO DE BARRO DURO-PI, a ser realizado no dia  11 de Fevereiro de 2024,",2024-02-07,"O objeto do presente contrato é a apresentação artística da banda FORRÓ SUPERID , contratado através de seu empresário exclusivo, empresa R GOMES DA CUNHA LTDA, NO EVENTO CARNAVAL DO MUNICÍPIO DE BARRO DURO-PI, a ser realizado no dia  11 de Fevereiro de 2024,"
11 de Fevereiro de 2024,100000.0,"O objeto do presente contrato é a apresentação artística da banda FORRÓ SUPERID , contratado através de seu empresário exclusivo, empresa R GOMES DA CUNHA LTDA, NO EVENTO CARNAVAL DO MUNICÍPIO DE MONSENHOR GIL-PI, a ser realizado no dia  11 de Fevereiro de 2024",2024-02-07,"O objeto do presente contrato é a apresentação artística da banda FORRÓ SUPERID , contratado através de seu empresário exclusivo, empresa R GOMES DA CUNHA LTDA, NO EVENTO CARNAVAL DO MUNICÍPIO DE MONSENHOR GIL-PI, a ser realizado no dia  11 de Fevereiro de 2024."
11 de Abril de 2024,100000.0,"O objeto do presente contrato é a apresentação artística da banda MALA 100 ALÇA, contratado através de seu empresário exclusivo, empresa RINALDO MACHADO SANTOS, NO EVENTO ANIVERSÁRIO, a ser realizado no munícipio de São João da Canabrava-PI, no dia  11 de Abril de 2024,",2024-02-06,"O objeto do presente contrato é a apresentação artística da banda MALA 100 ALÇA, contratado através de seu empresário exclusivo, empresa RINALDO MACHADO SANTOS, NO EVENTO ANIVERSÁRIO, a ser realizado no munícipio de São João da Canabrava-PI, no dia  11 de Abril de 2024,"
01 de JUNHO de 2024,100000.0,"PATROCÍNIO AO PROJETO ""COMBOIO CULTURAL"", NO MUNICÍPIO DE UNIÃO(PI)",2024-05-22,"CONCESSÃO DE PATROCÍNIO PARA A REALIZAÇÃO DO EVENTO COMBOIO CULTURAL, A SER REALIZADO NO DIA 01 DE JUNHO DE 2024, NO MUNICÍPIO DE UNIÃO(PI)."
13 de FEVEREIRO de 2024,100000.0,"PATROCÍNIO AO PROJETO ""CULTURA EM AÇÃO"", NO MUNICÍPIO DE CAMPO MAIOR(PI)",2024-02-08,"PATROCÍNIO AO PROJETO ""CULTURA EM AÇÃO"", A SER REALIZADO NO PERIODO DE 09 A 13 DE FEVEREIRO DE 2024, NO MUNICÍPIO DE CAMPO MAIOR(PI)."
15 de JUNHO de 2024,100000.0,"PATROCÍNIO AO PROJETO FESTIVAL DE HUMOR, NO MUNICÍPIO DE UNIÃO(PI)",2024-05-22,"PATROCÍNIO PARA REALIZAÇÃO DO EVENTO FESTIVAL DE HUMOR, A SER REALIZADO NO DIA 15 DE JUNHO DE 2024, NO MUNICÍPIO DE UNIÃO(PI)."
27 de JANEIRO de 2024,100000.0,"PATROCÍNIO AO PROJETO ZÉ PEREIRA NO TREM, NO MUNICÍPIO DE TERESINA(PI)",2024-01-26,"PATROCÍNIO AO PROJETO ZÉ PEREIRA NO TREM, A SER REALIZADO NO DIA 27 DE JANEIRO DE 2024, NO MUNICÍPIO DE TERESINA(PI)."
02 de Agosto de 2024,100000.0,"Patrocínio para a realização do evento:  Comboios Cultura e Cidadania, a ser realizado no dia 02 de Agosto de 2024, no município de Inhuma -PI",2024-07-24,"Patrocínio para a realização do evento:  Comboios Cultura e Cidadania, a ser realizado no dia 02 de Agosto de 2024, no município de Inhuma -PI."
10 de JULHO de 2024,100000.0,"PATROCÍNIO PARA REALIZAÇÃO DO EVENTO: VIVENDO O FUTURO, UM GUIA SOBRE IA PARA OS JOVENS, COM EXIBIÇÃO EM TV ABERTA PARA 08(OITO) ESTADO DA FEDERAÇÃO.",2024-07-09,"PATROCÍNIO PARA REALIZAÇÃO DO EVENTO: VIVENDO O FUTURO, UM GUIA SOBRE IA PARA JOVENS, COM EXIBIÇÃO NO DIA 10 DE JULHO DE 2024, EM TV ABERTA PARA 08(OITO) ESTADO DA FEDERAÇÃO."
10 de DEZEMBRO de 2023,100000.0,"PATROCÍNIO REFERENTE AO PROJETO ARTE DO CIRCO EM TODO LUGAR, NO MUNICÍPIO DE UNIÃO(PI)",,"PATROCÍNIO PARA REALIZAÇÃO DO PROJETO ARTE DO CIRCO EM TODO LUGAR, QUE ACONTECERÁ NO PERÍODO DE 08 A 10 DE DEZEMBRO DE 2023, NO MUNICÍPIO DE UNIÃO(PI)."
08 de FEVEREIRO de 2024,100000.0,"PROPOSTA DE PATROCÍNIO REFERENTE AO EVENTO ""FESTIVAL DE MARCHINHAS CARNAVALESCAS DAS COMUNIDADES TERAPÊUTICAS¿ A SER REALIZADO NO DIA 08 DE FEVEREIRO DE 2024, NO PARQUE POTYCABANA  NO MUNICÍPIO DE TERESINA-PI, COM LOCAÇÃO E ESTRUTURA, PRODUÇÃO DE MÍDIAS DE DIVULGAÇÃO.",2024-01-30,"PROPOSTA DE PATROCÍNIO REFERENTE AO EVENTO ""FESTIVAL DE MARCHINHAS CARNAVALESCAS DAS COMUNIDADES TERAPÊUTICAS¿ A SER REALIZADO NO DIA 08 DE FEVEREIRO DE 2024, NO PARQUE POTYCABANA  NO MUNICÍPIO DE TERESINA-PI, COM LOCAÇÃO E ESTRUTURA, PRODUÇÃO DE MÍDIAS DE DIVULGAÇÃO."
13 de FEVEREIRO de 2024,100000.0,"PROPOSTA DE PATROCÍNIO REFERENTE AO EVENTO ""PRÉ ¿ CARNAVAL CAI NA RUA¿ A SER REALIZADO NO DIA 13 DE FEVEREIRO DE 2024, NA AV. HOMERO CASTELO BRANCO ¿NA CIDADE DE TERESINA-PI, COM LOCAÇÃO E ESTRUTURA, PRODUÇÃO DE MÍDIAS DE DIVULGAÇÃO.",2024-02-08,"PROPOSTA DE PATROCÍNIO REFERENTE AO EVENTO ""PRÉ ¿ CARNAVAL CAI NA RUA¿ A SER REALIZADO NO DIA 13 DE FEVEREIRO DE 2024, NA AV. HOMERO CASTELO BRANCO ¿NA CIDADE DE TERESINA-PI, COM LOCAÇÃO E ESTRUTURA, PRODUÇÃO DE MÍDIAS DE DIVULGAÇÃO."
18 de AGOSTO de 2023,100000.0,REALIZAÇÃO DA II MANDIOFEST NO MUNICÍPIO DE MARCOLÂNDIA(PI),2023-08-17,"REALIZAÇÃO DA II MANDIOFEST, COM SHOW ARTÍSTICO DA BANDA CHICÃO DOS TECLADO, QUE ACONTECERÁ DIA 18 DE AGOSTO DE 2023, NO MUNICÍPIO DE MARCOLÂNDIA(PI)."
12 de OUTUBRO de 2023,100000.0,REALIZAÇÃO DA TRADICIONAL FESTA DAS CRIANÇAS DO CLUBE DOS RODOVIÁRIOS EM TERESINA(PI),2023-10-10,"CONTRATAÇÃO DE ATRAÇÕES MUSICAIS(BANDAS), PARA APRESENTAÇÃO DE SHOW ARTÍSTICO NO EVENTO: TRADICIONAL FESTA DAS CRIANÇAS DO CLUBE DOS RODOVIÁRIOS EM TERESINA , A SER REALIZADO DIA 12 DE OUTUBRO DE 2023, NO MUNICÍPIO DE TERESINA(PI)."
05 de AGOSTO de 2023,100000.0,"REALIZAÇÃO DO IV EXPOSÃOJU, NO MUNICÍPIO DE SÃO JULIÃO(PI)",2023-08-04,"REALIZAÇÃO DO IX EXPOSÃOJU, COM SHOW ARTÍSTICO DA BANDA ZÉ CANTOR, DIA 05 DE AGOSTO DE 2023, NO MUNICÍPIO DE SÃO JULIÃO(PI)."
02 de AGOSTO de 2023,100000.0,REALIZAÇÃO DOS FESTEJOS DO SENHOR BOM JESUS DA LAPA EM CRISTINO CASTRO(PI),2023-07-28,"REALIZAÇÃO DOS FESTEJOS DO SENHOR BOM JESUS DA LAPA EM CRISTINO CASTRO, COM SHOW ARTÍSTICO DA BANDA CHICÃO DOS TECLADOS, DIA 02 DE AGOSTO DE 2023, EM PRAÇA PÚBLICA NO MUNICÍPIO DE CRISTINO CASTRO(PI)"
27 de abril de 2024,100000.0,"Referente a Realização do evento ""12ª CAPRINOVA"" a ser realizada no Município de Queimada Nova - PI em 27 de abril de 2024.",2024-04-16,"Referente a Realização do evento ""12ª CAPRINOVA"" a ser realizada no Município de Queimada Nova - PI em 27 de abril de 2024."
17/07/2022,100000.0,"REFERENTE A SERVIÇOS DE CONTRATAÇÃO DE ATRAÇÃO MUSICAL DA BANDA;  ANDERSON RODRIGUES, NO EVENTO ""EXPOCORRENTE"" NO MUNICIPIO DE CORRENTE -PI , NO PERIODO DE 12 A 17/07/2022",2022-07-15,"REFERENTE A SERVIÇOS DE CONTRATAÇÃO DE ATRAÇÃO MUSICAL DA BANDA;  ANDERSON RODRIGUES, NO EVENTO ""EXPOCORRENTE"" NO MUNICIPIO DE CORRENTE -PI , NO PERIODO DE 12 A 17/07/2022"
20 de janeiro de 2024,100000.0,"Visando o patrocínio do evento ¿LUZILÂNDIA NÁUTICA¿, que ocorreu no dia 20 de janeiro de 2024, em Luzilândia-PI,",2024-01-19,"Visando o patrocínio do evento ¿LUZILÂNDIA NÁUTICA¿, que ocorreu no dia 20 de janeiro de 2024, em Luzilândia-PI,"
31 de MARÇO de 2024,109000.0,"PATROCÍNIO AO PROJETO SEMANA SANTA DE OEIRAS: FÉ, CULTURA POPULAR E ARTE RELIGIOSA, NO MUNICÍPIO DE OEIRAS(PI)",2024-03-26,"PATROCÍNIO PARA A REALIZAÇÃO DO EVENTO SEMANA SANTA: FÉ, CULTURA POPULAR E ARTE RELIGIOSA, A SER  REALIZADO NOS DIAS 21 e 31 DE MARÇO DE 2024, NO MUNICÍPIO DE OEIRAS(PI)."
18 de MARÇO de 2024,110000.0,APRESENTAÇÃO ARTÍSTICA FORRÓ DOS PLAYS NOS FESTEJOS DE SÃO JOSÉ - INHUMA EM 18.03.2024,2024-03-06,"APRESENTAÇÃO ARTÍSTICA DA BANDA FORRÓ DOS PLAYS, NO DIA 18 DE MARÇO DE 2024, NOS FESTEJOS DE SÃO JOSÉ, NO MUNICÍPIO DE INHUMA/PI"
01 de MAIO de 2024,110000.0,"FESTA DO TRABALHADOR - BAIRRO USINA SANTANA, NO MUNICÍPIO DE TERESINA(PI)",2024-04-29,"CONTRAÇÃO DE ATRAÇÃO MUSICAL(BANDAS) PARA APRESENTAÇÃO NO EVENTO: FESTA DO TRABALHADOR - BAIRRO USINA SANTANA, A SER REALIZADO NO DIA 01 DE MAIO DE 2024, NO MUNICIPIO DE TERESINA(PI)."
28 de MARÇO de 2024,110000.0,"PATROCÍNIO AO PROJETO PAIXÃO DE CRISTO DE ESPERANTINA 2024, NO MUNICÍPIO DE ESPERANTINA(PI)",2024-03-26,"PATROCÍNIO PARA A REALIZAÇÃO DO EVENTO PAIXÃO DE CRISTO DE ESPERANINA 2024, A SER REALIZADO NO DIA 28 DE MARÇO DE 2024, NO MUNICÍPIO DE ESPERANTINA(PI)."
30 de MARÇO de 2024,130000.0,6ª VINAGREIRA FEST NO MUNICÍPIO DE LAGOA ALEGRE(PI),2024-03-25,"CONTRATAÇÃO DE ATRAÇÕES MUSICAIS(BANDAS), PARA APRESENTAÇÃO ARTÍSTICA NO EVENTO: 6ª VINAGREIRA FEST, NO DIA 30 DE MARÇO DE 2024, EM PRAÇA PÚBLICA, NO MUNICÍPIO DE LAGOA ALEGRE(PI)."
27 de ABRIL de 2024,130000.0,"FESTEJOS DO MUNICÍPIO DE LANDRI SALES 2024, NO MUNICÍPIO DE LANDRI SALES(PI)",2024-04-23,"Apresentação Artística da Banda FORRÓ DOS PLAYS, no dia 27 de ABRIL de 2024, no FESTEJOS DO MUNICÍPIO DE LANDRI SALES(PI)."
14 de FEVEREIRO de 2024,140000.0,"EVENTO DE SHOW ARTÍSTICO DA BANDA MARA PAVANELLY NO DIA 14 DE FEVEREIRO DE 2024, NO CARNAVAL DE LUIS CORREIA.",2024-02-09,evento ¿SHOW ARTÍSTICO DA BANDA MARA PAVANELLY NO DIA 14 DE FEVEREIRO DE 2024 ¿ NO CARNAVAL DE LUIS CORREIA¿
01 de MAIO de 2024,145000.0,"PATROCÍNIO REFERENTE AO PROJETO FESTA DO TRABALHADOR, NO MUNICÍPIO DE JOAQUIM PIRES(PI)",2024-04-30,"PATROCÍNIO PARA REALIZAÇÃO DO EVENTO: FESTA DO TRABALHADOR, A SER REALIZADO NO DIA 01 DE MAIO DE 2024, NO MUNICÍPIO DE JOAQUIM PIRES(PI)."
21 de Setembro de 2023,150000.0,"ANIVERSÁRIO DA RÁDIO SÃO JOSÉ DOS ALTOS, NO MUNICÍPIO DE ALTOS(PI)",2023-09-20,"Aniversário da rádio São José dos Altos , no município de ALTOS -PI. Com apresentações artísticas das bandas : Janaína & Banda, e Chicão dos Teclados, no dia 21 de Setembro de 2023."
30/03/2024,150000.0,"Apresentação Artística no Evento:Tradicional Sábado de Aleluia, em Juazeiro do Piauí, no município de Juazeiro do Piauí(PI)",2024-03-28,"Apresentação artística de banda  -  CHICABANA no evento : Tradicional Sábado de Aleluia, no dia 30/03/2024 em Juazeiro do Piauí/PI."
13 de fevereiro de 2024,150000.0,"CARNAVAL DO POVO - NO BAIRRO PROMORAR, NO MUNICÍPIO DE TERESINA(PI).",2024-02-08,"Realização da CARNAVAL DO POVO -  no bairro Promorar no município de Teresina(PI), apresentações musicais de JANAÍNA & BANDA e da banda CHICÃO DOS TECLADOS no dia 13 de fevereiro de 2024."
10 de fevereiro de 2024,150000.0,"CARNAVAL DO POVO - POVOADO SANTA TERESA, NO MUNICÍPIO DE TERESINA(PI)",2024-02-08,Realização do CARNAVAL DO POVO - POVOADO SANTA TERESA no município de Teresina(PI). Apresentação Musical das Bandas: WELLIGTON OLIVEIRA e CHICÃO DOS TECLADOS no dia 10 de fevereiro de 2024.
18 de MAIO de 2024,150000.0,"FESTA DO TRABALHADOR,¿ A SER REALIZADO NO DIA 18 DE MAIO DE 2024, NO PARQUE POTYCABANA, NA CIDADE DE TERESINA-PI.",2024-05-21,"FESTA DO TRABALHADOR,¿ A SER REALIZADO NO DIA 18 DE MAIO DE 2024, NO PARQUE POTYCABANA, NA CIDADE DE TERESINA-PI."
01 de MAIO de 2024,150000.0,"FESTA DO TRABALHADOR DE SUSSUAPARA, NO MUNICÍPIO DE SUSSUAPARA(PI)",2024-04-16,"CONTRATAÇÃO DE ATRAÇÕES MUSICAIS(BANDAS), PARA APRESENTAÇÃO DE SHOWS ARTÍSTICO NO EVENTO: FESTA DO TRABALHADOR DE SUSSUAPARA, A SER REALIZADO NO DIA 01 DE MAIO DE 2024, NO MUNICÍPIO DE SUSSUAPARA(PI)."
02 de OUTUBRO de 2023,150000.0,"FESTEJOS DE SÃO FRANCISCO EM SANTA LUZ, MUNICÍPIO DE SANTA LUZ DO PIAUÍ(PI)",2023-09-29,"CONTRATAÇÃO DE ATRAÇÕES MUSICAIS(BANDAS), PARA APRESENTAÇÃO DE SHOW ARTÍSTICO NO EVENTO: FESTEJOS DE SÃO FRANCISCO, A SER REALIZADO DIA 02 DE OUTUBRO DE 2023, NO MUNICÍPIO DE SANTA LUZ DO PIAUÍ(PI)."
13 de Fevereiro de 2024,150000.0,"O objeto do presente contrato é a apresentação artística da banda FORRÓ BANDIDO, contratado através de seu empresário exclusivo, empresa D DE C SILVA, NO EVENTO CARNAVAL DO MUNICÍPIO DE BARRO DURO-PI, a ser realizado nos dias  10 a 13 de Fevereiro de 2024",2024-02-06,"O objeto do presente contrato é a apresentação artística da banda FORRÓ BANDIDO, contratado através de seu empresário exclusivo, empresa D DE C SILVA, NO EVENTO CARNAVAL DO MUNICÍPIO DE BARRO DURO-PI, a ser realizado nos dias  10 a 13 de Fevereiro de 2024"
13 de Fevereiro de 2024,150000.0,"O objeto do presente contrato é a apresentação artística da banda FORRÓ BANDIDO, contratado através de seu empresário exclusivo, empresa D DE C SILVA, NO EVENTO CARNAVAL DO MUNICÍPIO DE MONSENHOR GIL-PI, a ser realizado nos dias  10 a 13 de Fevereiro de 2024,",2024-02-06,"O objeto do presente contrato é a apresentação artística da banda FORRÓ BANDIDO, contratado através de seu empresário exclusivo, empresa D DE C SILVA, NO EVENTO CARNAVAL DO MUNICÍPIO DE MONSENHOR GIL-PI, a ser realizado nos dias  10 a 13 de Fevereiro de 2024,"
21 de junho de 2024,150000.0,"PATROCÍNIO AO FESTEJOS DE SÃO JOÃO BATISTA, no município de São João da Serra(PI).",2024-06-21,"Patrocínio para realização dos FESTEJOS DE SÃO JOÃO BATISTA, a ser realizado no dia 21 de junho de 2024, em praça pública, no município de São João da Serra(PI)."
30 de JULHO de 2023,150000.0,PATROCINIO AO PROJETO DA 24° FESTA DO VAQUEIRO DE DEMERVAL LOBÃO(PI),2023-07-27,"PATROCINIO AO PROJETO DA 24° FESTA DO VAQUEIRO DE DEMERVAL LOBÃO(PI), A SER REALIZADA DIA 30 DE JULHO DE 2023, NO MUNICIPIO DE DEMERVAL LOBÃO(PI)."
26 de JULHO de 2023,150000.0,PATROCÍNIO AO PROJETO FESTEJOS DA PARÓQUIA DE SANTA ANA - 66 ANOS DE EMANCIPAÇÃO POLÍTICA DE MONSENHOR HIPÓLITO(PI),2023-07-25,"PATROCÍNIO AO PROJETO FESTEJOS DA PARÓQUIA DE SANTA ANA - 66 ANOS DE EMANCIPAÇÃO POLÍTICA DE MONSENHOR HIPÓLITO(PI), COM A ATRAÇÃO MUSICAL DA BANDA LÍBANOS, DIA 26 DE JULHO DE 2023, NO MUNICÍPIO DE MONSENHOR HIPÓLITO(PI)."
12 de MAIO de 2024,150000.0,"PATROCÍNIO AO PROJETO MOSTRA DE CINEMA DE TERESINA - THEREcine, NO MUNICÍPIO DE TERESINA(PI)",2024-05-06,"PATROCÍNIO PARA REALIZAÇÃO DO EVENTO MOSTRA DE CINEMA DE TERESINA - THEREcine, A SER REALIZADO NO PERÍODO DE 07 A 12 DE MAIO DE 2024, NO MUNICÍPIO DE TERESINA(PI)."
08 de SETEMBRO de 2023,150000.0,"PATROCÍNIO AO PROJETO NOITE CULTURAL, NO MUNICÍPIO DE ESPERANTINA(PI)",2023-09-07,"PATROCÍNIO PARA REALIZAÇÃO DO PROJETO NOITE CULTURAL, A SER REALIZADO DIA 08 DE SETEMBRO DE 2023, NO MUNICIPIO DE ESPERANTINA(PI)."
11 de MAIO de 2024,150000.0,"PATROCÍNIO AO PROJETO SEIS E MEIA - EIXO SUL, NOS MUNICÍPIOS DE CORRENTE  E BOM JESUS(PI)",2024-05-10,"CONCESSÃO DE PATROCÍNIO PARA REALIZAÇÃO DO EVENTO PROJETO SEIS E MEIA, A SER REALIZADO NOS MUNICÍPIOS DE CORRENTE(PI), NO DIA 11 DE MAIO DE 2024, NA CASA DE CULTURA, E EM BOM JESUS(PI) NO DIA 12 DE MAIO DE 2024, NO THEATRO ALARD."
12 de MAIO de 2024,150000.0,"PATROCÍNIO AO PROJETO SEIS E MEIA - EIXO SUL, NOS MUNICÍPIOS DE CORRENTE  E BOM JESUS(PI)",2024-05-10,"CONCESSÃO DE PATROCÍNIO PARA REALIZAÇÃO DO EVENTO PROJETO SEIS E MEIA, A SER REALIZADO NOS MUNICÍPIOS DE CORRENTE(PI), NO DIA 11 DE MAIO DE 2024, NA CASA DE CULTURA, E EM BOM JESUS(PI) NO DIA 12 DE MAIO DE 2024, NO THEATRO ALARD."
13 de MAIO de 2024,150000.0,"PATROCÍNIO AO PROJETO SEIS E MEIA - EIXO SUL, NOS MUNICÍPIOS DE FLORIANO E TERESINA(PI)",2024-05-10,"CONCESSÃO DE PATROCÍNIO PARA REALIZAÇÃO DO EVENTO PROJETO SEIS E MEIA, A SER REALIZADO NOS MUNICÍPIOS DE FLORIANO(PI), NO DIA 13 DE MAIO DE 2024, NO TEATRO MARIA BONITA, E EM TERESINA(PI) NO DIA 14 DE MAIO DE 2024, NO THEATRO 4 DE SETEMBRO."
14 de MAIO de 2024,150000.0,"PATROCÍNIO AO PROJETO SEIS E MEIA - EIXO SUL, NOS MUNICÍPIOS DE FLORIANO E TERESINA(PI)",2024-05-10,"CONCESSÃO DE PATROCÍNIO PARA REALIZAÇÃO DO EVENTO PROJETO SEIS E MEIA, A SER REALIZADO NOS MUNICÍPIOS DE FLORIANO(PI), NO DIA 13 DE MAIO DE 2024, NO TEATRO MARIA BONITA, E EM TERESINA(PI) NO DIA 14 DE MAIO DE 2024, NO THEATRO 4 DE SETEMBRO."
23 de agosto de 2024,150000.0,patrocinio do evento 28° Convenção Lojista do Piauí solicitado pela Federação das Câmaras de Dirigentes Lojistas do Piauí (FCDL-PI) no dia 23 de agosto de 2024.,2024-05-13,Referente Patrocínio do evento 28° Convenção Lojista do Piauí solicitado pela Federação das Câmaras de Dirigentes Lojistas do Piauí (FCDL-PI) no dia 23 de agosto de 2024.
28 de junho de 2024,150000.0,"patrocínio referente ao evento ""11° edição da campanha ""LIQUIDA TERESINA"" realizado pela empresa Câmara de Dirigentes Lojistas de Teresina, entre os dias 28 de junho de 2024 a 07 de julho de 2024.",2024-05-13,"patrocínio referente ao evento ""11° edição da campanha ""LIQUIDA TERESINA"" realizado pela empresa Câmara de Dirigentes Lojistas de Teresina, entre os dias 28 de junho de 2024 a 07 de julho de 2024."
07 de julho de 2024,150000.0,"patrocínio referente ao evento ""11° edição da campanha ""LIQUIDA TERESINA"" realizado pela empresa Câmara de Dirigentes Lojistas de Teresina, entre os dias 28 de junho de 2024 a 07 de julho de 2024.",2024-05-13,"patrocínio referente ao evento ""11° edição da campanha ""LIQUIDA TERESINA"" realizado pela empresa Câmara de Dirigentes Lojistas de Teresina, entre os dias 28 de junho de 2024 a 07 de julho de 2024."
29 de MARÇO de 2024,150000.0,"PATROCÍNIO REFERENTE AO PROJETO PAIXÃO DE CRISTO DE BOM JESUS, NO MUNICÍPIO DE BOM JESUS(PI)",2024-03-28,"PATROCÍNIO PARA REALIZAÇÃO DO EVENTO PAIXÃO DE CRISTO, A SER REALIZADO NO DIA 29 DE MARÇO DE 2024 NO TEATRO NATURAL NO SALÃO DA SERRA DA CIDADE DE BOM JUSUS, NO MUNICÍPIO DE BOM JESUS(PI)."
06 de julho de 2024,150000.0,PIAUI RALLY CUP 2024,2024-05-22,"Patrocínio para a realização do evento: Piauí Rally Cup 2024¿, a ser realizado entre os dias 04 e 06 de julho de 2024, no município de Luis Correia - PI, que objetiva realizar uma competição de UTV, quadriciclo e moto, seguindo a rota das emoções, com três dias de competição, movimentando a economia e o turismo da região."
18 de FEVEREIRO de 2024,150000.0,"PROPOSTA DE PATROCÍNIO REFERENTE AO EVENTO ""FESTIVAL DE ANIVERSARIO DA CIDADE DE NOVA SANTA RITA DO PIAUÍ¿, NOS DIAS 16 A 18 DE FEVEREIRO DE 2024, NA PRAÇA DA CIDADE DE NOVA SANTA RITA, COM LOCAÇÃO E ESTRUTURA, PRODUÇÃO DE MÍDIAS DE DIVULGAÇÃO.",2024-02-21,"PROPOSTA DE PATROCÍNIO REFERENTE AO EVENTO ""FESTIVAL DE ANIVERSARIO DA CIDADE DE NOVA SANTA RITA DO PIAUÍ¿, NOS DIAS 16 A 18 DE FEVEREIRO DE 2024, NA PRAÇA DA CIDADE DE NOVA SANTA RITA, COM LOCAÇÃO E ESTRUTURA, PRODUÇÃO DE MÍDIAS DE DIVULGAÇÃO."
19 de ABRIL de 2024,150000.0,"REALIZAÇÃO DA FESTA DO VAQUEIRO, NO MUNICÍPIO DE AROEIRAS DO ITAIM(PI)",2024-04-11,"CONTRATAÇÃO DE ATRAÇÕES MUSICAIS(BANDA) PARA APRESENTAÇÃO ARTÍSTICA NO EVENTO: FESTA DO VAQUEIRO, A SER REALIZADO NO DIA 19 DE ABRIL DE 2024, NO MUNICÍPIO DE AROEIRAS DO ITAIM(PI)."
21 de JULHO de 2023,150000.0,REALIZAÇÃO DA INAUGURAÇÃO DA PRAÇA CULTURAL POVOADO BOA FÉ EM JUAZEIRO DO PIAUÍ(PI),2023-07-19,"REALIZAÇÃO DA INAUGURAÇÃO DA PRAÇA CULTURAL POVOADO BOA FÉ EM JUAZEIRO DO PIAUÍ¿(PI), COM ATRAÇÃO ARTÍSTICA GLEYDSON GAVIÃO, DIA 21 DE JULHO DE 2023, NO MUNICÍPIO DE JUAZEIRO DO PIAUÍ."
03 de MAIO de 2023,150000.0,REALIZAÇÃO DO ANIVERSÁRIO DE SÃO JOÃO DA CANABRAVA(PI),2023-04-27,"REALIZAÇÃO DO ANIVERSÁRIO DE SÃO JOÃO DA CANABRAVA(PI), DIA 03 DE MAIO DE 2023, COM AS ATRAÇÕES ARTÍSTICA DAS BANDAS: MALA 100 ALÇA E EDU SAFADÃO, NA PRAÇA PÚBLICA DO MUNICÍPIO."
09 de Novembro de 2023,150000.0,"Realização do Aniversário do município de Landri Sales-PI. Com  Show Musical do artista - HENRY FREITAS  , no dia 09 de Novembro de 2023 .",2023-11-08,"Realização do Aniversário do município de Landri Sales-PI. Com  Show Musical do artista - HENRY FREITAS, no dia 09 de Novembro de 2023 ."
19 de MARÇO de 2023,150000.0,"REALIZAÇÃO DO FESTEJO DE SÃO JOSÉ, NO MUNICÍPIO DE INHUMA(PI)",2023-03-17,"REALIZAÇÃO DO FESTEJO DE SÃO JOSÉ, NO MUNICÍPIO DE NENHUMA(PI), DIA 19 DE MARÇO DE 2023, NO MUNICÍPIO DE INHUMA(PI), COM APRESENTAÇÃO MUSICAL DAS BANDAS GLEYDSON GAVIÃO E EDU SAFADÃO"
08 de JULHO de 2023,150000.0,REALIZAÇÃO DO SÃO JOÃO DA FÉ - EDIÇÃO 2023 EM LUZILÂNDIA(PI),2023-07-06,"REALIZAÇÃO DO SÃO JOÃO DA FÉ - EDIÇÃO 2023 EM LUZILÂNDIA(PI), COM SHOW ARTÍSTICO DA BANDA MAGNÍFICOS, DIA 08 DE JULHO DE 2023, NO COMPLEXO CULTURAL(AV. DOMINGOS MARQUES), NO MUNICÍPIO DE LUZILÂNDIA(PI)."
26/04/2024,150000.0,Referente a execução do Projeto ¿Cocal Fest Jovem¿. DIA 26/04/2024 EM COCAL PI,2024-04-18,Referente a execução do Projeto ¿Cocal Fest Jovem¿. DIA 26/04/2024 EM COCAL PI
20 de MARÇO de 2024,156000.0,"PATROCÍNIO AO PROJETO NOSSO BOI BUMBÁ-MESTRES E DANÇANTES DO PIAUÍ, NO MUNICÍPIO DE TERESINA(PI)",2024-03-18,"PATROCÍNIO PARA REALIZAÇÃO DO PROJETO NOSSO BOI BUMBÁ-MESTRES E DANÇANTES DO PIAUÍ, A SER REALIZADO COM EXIBIÇÃO EM EMISSORA DE TV ABERTA, NO DIA 20 DE MARÇO DE 2024, NO MUNICÍPIO DE TERESINA(PI)."
27 de ABRIL de 2024,170000.0,"FESTEJO DO MUNICÍPIO DE LANDRI SALES 2024, NO MUNICÍPIO DE LANDRI SALES(PI)",2024-04-19,"Apresentação Artística da Banda: MARA PAVANELLY, no dia 27 de ABRIL de 2024, no FESTEJO DO MUNICÍPIO DE LANDRI SALES 2024."
29 de ABRIL de 2024,170000.0,"PATROCÍNIO REFERENTE AO PROJETO SEMANA CULTURAL DE PASSAGEM FRANCA, NO MUNICÍPIO DE PASSAGEM FRANCA(PI)",2024-04-25,"PATROCÍNIO PARA REALIZAÇÃO DO EVENTO: SEMANA CULTURAL DE PASSAGEM FRANCA, A SER REALIZADO NO PERÍODO DE 26 A 29 DE ABRIL DE 2024, NO MUNICÍPIO DE PASSAGEM FRANCA(PI)."
20 de abril de 2024,180000.0,3º GRANDE VAQUEJADA PARQUE DODÓ NA CIDADE DE INHUMA-PI,2024-04-19,"A realização da festividade alusiva à tradicional 3° grande vaquejada, que será realizado no dia 20 de abril de 2024, em INHUMA /PI,"
12 de FEVEREIRO de 2024,180000.0,"CARNAVAL DO POVO - BAIRRO VILA MARIA, NO MUNICÍPIO DE TERESINA(PI)",2024-02-08,"CONTRATAÇÃO DE ATRAÇÕES MUSICAIS(BANDAS) PARA REALIZAÇÃO DO CARNAVAL DO POVO - BAIRRO VILA MARIA, A SER REALIZADO NO DIA 12 DE FEVEREIRO DE 2024, NO MUNICÍPIO DE TERESINA(PI)."
01 de MAIO de 2024,180000.0,"FESTA DO TRABALHADOR NO BAIRRO VILLA MARIA, NO MUNICÍPIO DE TERESINA(PI)",2024-04-29,"CONTRATAÇÃO DE ATRAÇÕES MUSICAIS(BANDAS), PARA APRESENTAÇÃO NO EVENTO: TRADICIONAL FESTA DO TRABALHADOR BAIRRO VILLA MARIA, A SER REALIZADO NO DIA 01 DE MAIO DE 2024, NO MUNICÍPIO DE TERESINA(PI)."
16 de MARÇO de 2024,180000.0,FESTEJOS DE SÃO JOSÉ NO MUNICÍPIO DE INHUMA(PI),2023-03-15,"CONTRATAÇÃO DE ATRAÇÕES MUSICAIS(BANDAS), PARA APRESENTAÇÃO MUSICAL NO EVENTO: FESTEJOS DE SÃO JOSÉ, A SER REALIZADO DIA 16 DE MARÇO DE 2024, NO MUNICÍPIO DE INHUMA(PI)."
30 de ABRIL de 2023,180000.0,REALIZAÇÃO DA FESTA DO TRABALHADOR DE LAGOA ALEGRE(PI),2023-04-19,"REALIZAÇÃO DA FESTA DO TRABALHADOR DE LAGOA ALEGRE, NO MUNICÍPIO DE LAGOA ALEGRE(PI), DIA 30 DE ABRIL DE 2023, COM AS ATRAÇÕES DE MARCUS JULIÃO E CHICÃO DOS TECLADOS."
17 de MARÇO de 2023,180000.0,"REALIZAÇÃO DO PROJETO COMEMORAÇÃO AO 10 ANOS DO CIRCUITO AVAPI, NO MUNICÍPIO DE TERESINA(PI)",2023-03-16,"REALIZAÇÃO DO PROJETO COMEMORAÇÃO AO 10 ANOS DO CIRCUITO AVAPI, NO MUNICÍPIO DE TERESINA(PI), DIA 17 DE MARÇO DE 2023, COM APRESENTAÇÃO MUSICAL DE CHICÃO DOS TECLADOS E MARCUS JULIÃO, NO PARQUE DE EXPOSIÇÃO DIRCEU ARCOVERDE, EM TERESINA(PI)."
02 de FEVEREIRO de 2024,185000.0,FEIRA DE AGRICULTURA IRRIGADA NO MUNICÍPIO DE JOÃO COSTA,2024-01-31,"REFERENTE AO EVENTO ¿ I FEIRA DA AGRICULTURA IRRIGADA¿ DO MUNICÍPIO DE JOÃO COSTA, NA LOCALIDADE CAMBRAIA-PI, NO DIA 02 DE FEVEREIRO DE 2024."
31 de MARÇO de 2023,190000.0,ANIVERSÁRIO DA CIDADE DE HUGO NAPOLEÃO(PI),2023-03-30,"REALIZAÇÃO DO ANIVERSÁRIO DA CIDADE DE HUGO NAPOLEÃO, DIA 31 DE MARÇO DE 2023, COM APRESENTAÇÃO DE SHOW ARTÍSTICO DE MARCIA A FENOMENAL, NA PRAÇA PRINCIPAL, A PARTIR DAS 21HS, NO MUNICÍPIO DE HUGO NAPOLEÃO(PI)."
12 de Maio de 2023,190000.0,PATROCINIO DE EVENTO EXPO ACAUÃ NO MUNICÍPIO DE ACAUÃ DO PIAUÍ.,2023-04-28,"Apresentação artística da banda JONAS ESTICADO, contratado através de seu a empresário exclusivo empresa JONAS ESTICADO GRAVACOES & EDICOES MUSICAIS LTDA, a ser realizada no evento EXPO ACAUÃ, em Acauã-PI , no dia 12 de Maio de 2023."
30 de julho de 2023,190000.0,Patrocínio para execução e realização da EXPOSIÇÃO AGROPECUÁRIA DE AGRICOLÂNDIA ¿ EXPOAGRI,2023-07-26,"Concessão de patrocínio para execução e realização da EXPOSIÇÃO AGROPECUÁRIA DE AGRICOLÂNDIA ¿ EXPOAGRI O objeto do presente Termo de Contrato é o patrocínio prestado pelo Estado do Piauí, através da Secretaria da Assistência Técnica e Defesa Agropecuária (SADA), à DAP LIMA LTDA para a promoção da 3ª EXPO-AGRI, exposição de caprinos, ovinos e bovinos, no Parque de Vaquejada Francisco Alencar ¿Chicão¿ em Agricolândia, em 28 a 30 de julho de 2023"
27 de JULHO de 2024,199000.0,"PATROCÍNIO REFERENTE AO PROJETO SÃO JOÃO NOS BAIRROS(PLANALTO URUGUAI E PIÇARREIRA), NO MUNICÍPIO DE TERESINA(PI).",2024-07-12,"PATROCÍNIO PARA REALIZAÇÃO DO EVENTO: SÃO JOÃO NOS BAIRROS (NO PLANALTO URUGUAI - NO DIA 13 DE JULHO, E NO PIÇARREIRA - NO DIA 27 DE JULHO DE 2024), NO MUNICÍPIO DE TERESINA(PI)."
30 de MARÇO de 2024,200000.0,6ª VINAGREIRA FEST NO MUNICÍPIO DE LAGOA ALEGRE(PI),2024-03-25,"CONTRATAÇÃO DE ATRAÇÕES MUSICAIS(BANDAS), PARA APRESENTAÇÃO ARTÍSTICA NO EVENTO: 6ª VINAGREIRA FEST, NO DIA 30 DE MARÇO DE 2024, EM PRAÇA PÚBLICA, NO MUNICÍPIO DE LAGOA ALEGRE(PI)."
28 de ABRIL de 2024,200000.0,"ANIVERSÁRIO DE COLÔNIA DO PIAUI"", NO MUNICÍPIO DE COLÔNIA DO PIAUÍ(PI)",2024-04-15,"CONTRATAÇÃO DE ATRAÇÃO MUSICAL(BANDA), PARA APRESENTAÇÃO ARTÍSTICA NO EVENTO: ANIVERSÁRIO DE COLÔNIA DO PIAUI"", NO DIA 28 DE ABRIL DE 2024, NO MUNICÍPIO DE COLÔNIA DO PIAUÍ(PI)."
29 de ABRIL de 2024,200000.0,"ANIVERSÁRIO DE PASSAGEM FRANCA, NO MUNICÍPIO DE PASSAGEM FRANCA(PI)",2024-04-12,"CONTRATAÇÃO DE ATRAÇÕES MUSICAIS(BANDAS), PARA APRESENTAÇÃO ARTÍSTICA NO EVENTO: ANIVERSÁRIO DE PASSAGEM FRANCA, A SER REALIZADO NO DIA 29 DE ABRIL DE 2024, EM PRAÇA PUBLICA, NO MUNICÍPIO DE PASSAGEM FRANCA DO PIAUÍ(PI)."
28 de ABRIL de 2024,200000.0,ANIVERSÁRIO DE SANTA CRUZ DOS MILAGRES,2024-04-12,"CONTRATAÇÃO DE ATRAÇÕES MUSICAIS(BANDAS), PARA APRESENTAÇÃO ARTÍSTICA NO EVENTO ANIVERSÁRIO DE SANTA CRUZ DOS MILAGRES, A SER REALIZADO NO DIA 28 DE ABRIL DE 2024, EM PRAÇA PUBLICA, NO MUNICÍPIO DE SANTA CRUZ DOS MILAGRES(PI)."
13 de FEVEREIRO de 2024,200000.0,"CARNAVAL DO POVOADO CERÂMICA CIL, NO MUNICÍPIO DE TERESINA(PI)",2024-02-09,"CONTRATAÇÃO DE SHOW ARTÍSTICO(BANDAS) PARA REALIZAÇÃO DO CARNAVAL DO POVOADO CERÂMICA CIL, A SER REALIZADO NOS DIAS 11 E 13 DE FEVEREIRO DE 2024, NO MUNICÍPIO DE TERESINA(PI)."
30 de ABRIL de 2024,200000.0,"FESTA DO TRABALHADOR - BAIRRO VILA MARIA, NO MUNICÍPIO DE TERESINA(PI)",2024-04-16,"CONTRATAÇÃO DE ATRAÇÕES MUSICAIS(BANDAS), PARA APRESENTAÇÃO ARTÍSTICA NO EVENTO: FESTA DO TRABALHADOR - BAIRRO VILA MARIA, A SER REALIZADO NO DIA 30 DE ABRIL DE 2024, NO MUNICÍPIO DE TERESINA(PI)."
24 de JULHO de 2024,200000.0,"FESTEJO DA CIDADE DE CANTO DO BURITI, NO MUNICÍPIO DE CANTO DO BURITI(PI)",2024-06-28,"CONTRATAÇÃO DE ATRAÇÃO MUSICAL(BANDA), PARA A APRESENTAÇÃO ARTÍSTICA NO EVENTO, FESTEJO DE CANTO DO BURITI, A SER REALIZADO NO DIA 24 DE JULHO DE 2024, NO MUNICÍPIO DE CANTO DO BURITI(PI)."
04 de AGOSTO de 2024,200000.0,"FESTEJOS DE BOM JESUS DA LAPA, NO MUNICÍPIO DE PORTO ALEGRE DO PIAUÍ(PI)",2024-06-28,"CONTRATAÇÃO DE ATRAÇÕES MUSICAIS(BANDAS), PARA APRESENTAÇÃO ARTÍSTICA NO EVENTO: FESTEJOS DE BOM JESUS DA LAPA, A SER REALIZADO NO DIA 04 DE AGOSTO DE 2024, NO MUNICÍPIO DE PORTO ALEGRE DO PIAUÍ."
1 de MAIO de 2024,200000.0,"FESTEJOS DE PAVUSSU, NO MUNICÍPIO DE PAVUSSU(PI)",2024-05-10,"CONTRATAÇÃO DE ATRAÇÃO MUSICAL(BANDA), PARA APRESENTAÇÃO NO EVENTO: FESTEJOS DE PAVUSSU, A SER REALIZADO NO DIA 1 1 DE MAIO DE 2024, NO MUNICÍPIO DE PAVUSSU(PI)."
21 de JUNHO de 2024,200000.0,"FESTEJOS DE SÃO JOÃO BATISTA, NO MUNICÍPIO DE SÃO JOÃO DA SERRA(PI)",2024-06-21,"CONTRATAÇÃO DE ATRAÇÃO MUSICAL(BANDA) PARA APRESENTAÇÃO ARTÍSTICA NO EVENTO: FESTEJOS DE SÃO JOÃO BATISTA, A SER REALIZADO NO DIA 21 DE JUNHO DE 2024, NO MUNICÍPIO DE SÃO JOÃO DA SERRA(PI)."
27 de julho de 2024,200000.0,I FESTIVAL DO CARANGUEJO TERESINA PI,2024-05-24,"Patrocínio para a realização do evento I Festival do Caranguejo Teresina, a ser realizado no dia 27 de julho de 2024¿, nos município de Teresina-PI."
26 de MAIO de 2024,200000.0,"PATROCÍNIO AO PROJETO 18º ""ENCONTRA NACIONAL DE CINEMA E VÍDEO DOS SERTÕES 2024, NO MUNICÍPIO DE FLORIANO(PI)",2024-05-20,"CONCESSÃO DE PATROCÍNIO PARA A REALIZAÇÃO DO EVENTO 18º ENCONTRA NACIONAL DE CINEMA E VÍDEO DOS SERTÕES 2024, A SER REALIZADO NO PERÍODO DE 22 A 26 DE MAIO DE 2024, NO MUNICÍPIO DE FLORIANO(PI)."
30 de dezembro de 2023,200000.0,"PATROCÍNIO REFERENTE AO PROJETO 10ª EDIÇÃO DA FESTA DO PESCADOR, no município de São José do Divino(PI)",,"Patrocínio para a realização do Evento: 10ª Edição da Festa do Pescador a ser realizado no dia 30 de dezembro de 2023, no município de São José do Divino(PI)."
23 de ABRIL de 2024,200000.0,"PROPOSTA DE PATROCÍNIO REFERENTE AO EVENTO EDUCAÇÃO PARA TODOS - EDUCAÇÃO PARA TODOS CONSTRUINDO CIDADANIA¿ A SER REALIZADO NOS DIAS 22 E 23 DE ABRIL DE 2024, NO CETI MOACI MADEIRA CAMPOS E CETI PINHEIRO MACHADO, ESCOLAS ESTADUAIS NO MUNICÍPIO DE TERESINA-PI.",2024-05-08,"PROPOSTA DE PATROCÍNIO REFERENTE AO EVENTO EDUCAÇÃO PARA TODOS - EDUCAÇÃO PARA TODOS CONSTRUINDO CIDADANIA¿ A SER REALIZADO NOS DIAS 22 E 23 DE ABRIL DE 2024, NO CETI MOACI MADEIRA CAMPOS E CETI PINHEIRO MACHADO, ESCOLAS ESTADUAIS NO MUNICÍPIO DE TERESINA-PI."
23/06/2024,200000.0,"realização do evento ¿FESTIVIDADES DE COCAL DOS ALVES-PI¿, a ser realizado no dia  23/06/2024.",2024-06-21,"Contratação artística musical, para realização do evento ¿FESTIVIDADES DE COCAL DOS ALVES-PI¿, a ser realizado no dia  23/06/2024."
29/04/2022,200000.0,REFERENTE AOS SERVIÇOS DE CONTRATAÇÃO DE ATRAÇÃO MUNICAL DA BANDA JONAS ESTICADO NO EVENTO FEIRA DO AGRONEGÍCIO NO MUNICIPIO DE CALDEIRÃO GRANDE DO PIAUÍ-PI. DIA 29/04/2022. (COTA EXTRA),2022-06-02,REFERENTE AOS SERVIÇOS DE CONTRATAÇÃO DE ATRAÇÃO MUNICAL DA BANDA JONAS ESTICADO NO EVENTO FEIRA DO AGRONEGÍCIO NO MUNICIPIO DE CALDEIRÃO GRANDE DO PIAUÍ-PI. DIA 29/04/2022. (COTA EXTRA)
26 de NOVEMBRO de 2023,217315.0,"PROJETO 2° EDIÇÃO DA SEMANA DA CONSCIENCIA NEGRA MIMBÓ, NO MUNICIPIO DE AMARANTE(PI)",,"PATROCÍNIO PARA REALIZAÇÃO DO PROJETO 2° EDIÇÃO DA SEMANA DA CONSCIENCIA NEGRA MIMBÓ, QUE ACONTECERÁ NO PERÍODO DE 20 A 26 DE NOVEMBRO DE 2023, NO MUNICIPIO DE AMARANTE(PI)."
27/12/2023,220000.0,"Apoio a realização do evento intitulado ¿ANIVERSÁRIO DO MUNICÍPIO DE COCAL DOS ALVES/PI¿, que acontecerá no dia 27/12/2023.",,"Apoio a realização do evento intitulado ¿ANIVERSÁRIO DO MUNICÍPIO DE COCAL DOS ALVES/PI¿, que acontecerá no dia 27/12/2023."
25 de MAIO de 2024,220000.0,FESTA DO VAQUEIRO DE BELA VISTA/PI,2024-05-03,"PATROCÍNIO DO EVENTO ""FESTA DO VAQUEIRO"" NO MUNICÍPIO DE BELA VISTA DO PIAUÍ, QUE SERÁ REALIZADO NO DIA 25 DE MAIO DE 2024."
11 de MAIO de 2024,220000.0,PPR SERIES SHORTTRACK TERESINA,2024-05-10,"PATROCÍNIO DO EVENTO ""PPR SERIES SHORTTRACK TERESINA"", UM EVENTO DE RENOME NACIONAL E INTERNACIONAL QUE CELEBRA A PAIXÃO PELO CICLISMO E PROMOVE O TURISMO EM TERESINA/PI. SERÁ REALIZADO EM 11 DE MAIO DE 2024, NO COMPLEXO TURÍSTICO PONTE ESTAIADA."
30 de MARÇO de 2024,225000.0,"PAIXÃO DE CRISTO 2024 DE FLORIANO, NO MUNICÍPIO DE FLORIANO(PI)",2024-03-26,"PATROCÍNIO PARA REALIZAÇÃO DO EVENTO: PAIXÃO DE CRISTO 2024 DE FLORIANO, A SER REALIZADO NOS DIAS 29 E 30 DE MARÇO DE 2024, NO TEATRO CIDADE CENOGRÁFICA, NO MUNICÍPIO DE FLORIANO(PI)."
12 de JULHO de 2024,230000.0,"ARRAIÁ JUNINO DO BAIRRO SATURNO, NO MUNICÍPIO DE TERESINA(PI).",2024-07-09,"CONTRATAÇÃO DE ATRAÇÕES MUSICAIS(BANDAS), PARA APRESENTAÇÃO ARTÍSTICA NO EVENTO: ARRAIÁ JUNINO DO BAIRRO SATURNO, A SER REALIZADO NO DIA 12 DE JULHO DE 2024, NO MUNICÍPIO DE TERESINA(PI)."
26 de MAIO de 2024,230000.0,"FESTEJO DE SÃO GONÇALO DO GURGUEIA,¿ A SER REALIZADO NO DIA 26 DE MAIO DE 2024, NO MUNICÍPIO DE SÃO GONÇALO-PI.",2024-05-24,"FESTEJO DE SÃO GONÇALO DO GURGUEIA,¿ A SER REALIZADO NO DIA 26 DE MAIO DE 2024, NO MUNICÍPIO DE SÃO GONÇALO-PI."
28 de ABRIL de 2024,230000.0,"PATROCÍNIO REFERENTE AO PROJETO ANIVERSÁRIO DE COLÔNIA DO PIAUI"", NO MUNICÍPIO DE COLÔNIA DO PIAUÍ(PI)",2024-04-15,"PATROCÍNIO PARA REALIZAÇÃO DO EVENTO: ANIVERSÁRIO DE COLÔNIA DO PIAUI"", NO DIA 28 DE ABRIL DE 2024, NO MUNICÍPIO DE COLÔNIA DO PIAUÍ(PI)."
25/03/2022,230000.0,"REFERENTE A PATROCÍNIO DO EVENTO I GRANDE CAVALGADA DA MULHER NO MUNICIPIO DE ALVORADA DO GURGUÉIA-PI, DIA 25/03/2022, EMENDAS DOS DEPUTADOS ESTADUAIS FIRMINO PAULO E FABIO XAVIER.",2022-03-24,"REFERENTE A PATROCÍNIO DO EVENTO I GRANDE CAVALGADA DA MULHER NO MUNICIPIO DE ALVORADA DO GURGUÉIA-PI, DIA 25/03/2022, EMENDAS DOS DEPUTADOS ESTADUAIS FIRMINO PAULO E FABIO XAVIER."
30 de MARÇO de 2024,235000.0,"REALIZAÇÃO DE UM EVENTO NA CIDADE DE JUAZEIRO DO PIAUI- ""SÁBADO DE ALELUIA"" - REALIZADO NO DIA 30 DE MARÇO DE 2024.",2024-03-26,"REALIZAÇÃO DE UM EVENTO NA CIDADE DE JUAZEIRO DO PIAUI- ""SÁBADO DE ALELUIA"" - REALIZADO NO DIA 30 DE MARÇO DE 2024."
29 de JULHO de 2023,240000.0,PATROCÍNIO AO PROJETO FESTIVAL DA CULTURA DE ALTO LONGÁ(PI),2023-07-25,"PATROCÍNIO PARA REALIZAÇÃO DO PROJETO FESTIVAL DA CULTURA DE ALTO LONGÁ, A SER REALIZADO NO PERÍODO DE 27 A 29 DE JULHO DE 2023, NA PRAÇA CENTRAL, NO MUNICÍPIO DE ALTO LONGÁ(PI)."
13 de abril de 2024,250000.0,"Com vistas a Contratação de Empresapara  patrocínio referente ao Projeto EMPREENDE PIAUI CAJUÍNA NOSSA, que será realizado na data de 13 de abril de 2024, em TV Aberta.",2024-04-23,"Referente ao patrocínio relativo ao Projeto EMPREENDE PIAUI CAJUÍNA NOSSA, que será realizado na data de 13 de abril de 2024, em TV Aberta."
14 de abril de 2024,250000.0,"com vistas a Contratação de Empresa para  patrocínio referente ao Projeto EMPREENDE PIAUI RENDEIRAS DA ILHA, que será exibido na data de 14 de abril de 2024, em TV ABERTA.",2024-04-03,"Referente ao   patrocínio referente ao Projeto EMPREENDE PIAUI RENDEIRAS DA ILHA, que será exibido na data de 14 de abril de 2024, em TV ABERTA."
14/11/2023,250000.0,"Evento PADRE FÁBIO DE MELO NA CIDADE DE COCAL ¿ PI, NO DIA  14/11/2023.",2023-11-13,"Evento PADRE FÁBIO DE MELO NA CIDADE DE COCAL ¿ PI, NO DIA  14/11/2023"
26 de MAIO de 2024,250000.0,"MARIARTE 2024 - CULTURA, ARTE E DEVOÇÃO",2024-05-24,"PATROCÍNIO DO PROJETO MARIARTE 2024 - CULTURA, ARTE E DEVOÇÃO, A SER REALIZADO NA PRAÇA PÚBLICA DO BAIRRO PROMORAR - TERESINA/PI, NO DIA 26 DE MAIO DE 2024."
05 de Julho de 2024,250000.0,"PATROCÍNIO AO PROJETO ESPERANÇAR TERESINA, INAUGURAÇÃO DO INSTITUTO VAMOS JUNTOS, NO MUNICÍPIO DE TERESINA(PI).",2024-07-04,"Concessão de patrocínio para a realização do evento Esperançar Teresina - Inauguração do Instituto Vamos Juntos, a ser realizado no dia 05 de Julho de 2024, no município de Teresina(PI)."
27 de MARÇO de 2024,250000.0,"PATROCÍNIO AO PROJETO ""SEMANA NACIONAL DO TEATRO E DO CIRCO DE TERESINA - SENTHE 2024"", NO MUNICÍPIO DE TERESINA(PI)",2024-03-19,"PATROCÍNIO PARA A REALIZAÇÃO DO EVENTO PROJETO SEMANA NACIONAL DO TEATRO E CIRCO - SENTHE, A SER REALIZADO NO PERÍODO DE 21 A 27 DE MARÇO DE 2024, NO MUNICÍPÍO DE TERESINA(PI)."
30 de DEZEMBRO de 2023,250000.0,"PATROCÍNIO DO FESTIVAL VEM PARA O PORTO  PORTO DAS BARCAS, EM PARNAÍBA - PI, SENDO REALIZADO NO PERÍODO DE 28 A 30 DE DEZEMBRO DE 2023 E 04 A 06 DE JANEIRO DE 2024, EM ESPAÇO PÚBLICO, TEM COMO OBJETIVO REALIZAR UM EVENTO COM GRANDE POTENCIAL DE DESENVOLVIMENTO ECONÔMICO E CULTURAL. O FESTIVAL VEM PARA O PORTO PROPORCIONARÁ PARA TODA POPULAÇÃO PARNAIBANA UMA VASTA PROGRAMAÇÃO QUE REUNIRÁ ENTRETENIMENTO E LAZER ATRAVÉS DA APRESENTAÇÃO DE ATIVIDADES INTEGRADAS NAS ÁREAS DA MUSEOLOGIA, CULTURAPOPULAR, ARTESANATO, GASTRONOMIA, IMPULSIONANDO GERAÇÃO DE RENDA ATRAVÉS DA CULTURA CRIATIVA E O TURISMO.",,"PATROCÍNIO DO FESTIVAL VEM PARA O PORTO  PORTO DAS BARCAS, EM PARNAÍBA - PI, SENDO REALIZADO NO PERÍODO DE 28 A 30 DE DEZEMBRO DE 2023 E 04 A 06 DE JANEIRO DE 2024, EM ESPAÇO PÚBLICO, TEM COMO OBJETIVO REALIZAR UM EVENTO COM GRANDE POTENCIAL DE DESENVOLVIMENTO ECONÔMICO E CULTURAL. O FESTIVAL VEM PARA O PORTO PROPORCIONARÁ PARA TODA POPULAÇÃO PARNAIBANA UMA VASTA PROGRAMAÇÃO QUE REUNIRÁ ENTRETENIMENTO E LAZER ATRAVÉS DA APRESENTAÇÃO DE ATIVIDADES INTEGRADAS NAS ÁREAS DA MUSEOLOGIA, CULTURAPOPULAR, ARTESANATO, GASTRONOMIA, IMPULSIONANDO GERAÇÃO DE RENDA ATRAVÉS DA CULTURA CRIATIVA E O TURISMO."
06 de JANEIRO de 2024,250000.0,"PATROCÍNIO DO FESTIVAL VEM PARA O PORTO  PORTO DAS BARCAS, EM PARNAÍBA - PI, SENDO REALIZADO NO PERÍODO DE 28 A 30 DE DEZEMBRO DE 2023 E 04 A 06 DE JANEIRO DE 2024, EM ESPAÇO PÚBLICO, TEM COMO OBJETIVO REALIZAR UM EVENTO COM GRANDE POTENCIAL DE DESENVOLVIMENTO ECONÔMICO E CULTURAL. O FESTIVAL VEM PARA O PORTO PROPORCIONARÁ PARA TODA POPULAÇÃO PARNAIBANA UMA VASTA PROGRAMAÇÃO QUE REUNIRÁ ENTRETENIMENTO E LAZER ATRAVÉS DA APRESENTAÇÃO DE ATIVIDADES INTEGRADAS NAS ÁREAS DA MUSEOLOGIA, CULTURAPOPULAR, ARTESANATO, GASTRONOMIA, IMPULSIONANDO GERAÇÃO DE RENDA ATRAVÉS DA CULTURA CRIATIVA E O TURISMO.",,"PATROCÍNIO DO FESTIVAL VEM PARA O PORTO  PORTO DAS BARCAS, EM PARNAÍBA - PI, SENDO REALIZADO NO PERÍODO DE 28 A 30 DE DEZEMBRO DE 2023 E 04 A 06 DE JANEIRO DE 2024, EM ESPAÇO PÚBLICO, TEM COMO OBJETIVO REALIZAR UM EVENTO COM GRANDE POTENCIAL DE DESENVOLVIMENTO ECONÔMICO E CULTURAL. O FESTIVAL VEM PARA O PORTO PROPORCIONARÁ PARA TODA POPULAÇÃO PARNAIBANA UMA VASTA PROGRAMAÇÃO QUE REUNIRÁ ENTRETENIMENTO E LAZER ATRAVÉS DA APRESENTAÇÃO DE ATIVIDADES INTEGRADAS NAS ÁREAS DA MUSEOLOGIA, CULTURAPOPULAR, ARTESANATO, GASTRONOMIA, IMPULSIONANDO GERAÇÃO DE RENDA ATRAVÉS DA CULTURA CRIATIVA E O TURISMO."
27 de MARÇO de 2023,250000.0,"PATROCÍNIO PARA REALIZAÇÃO DA SEMANA NACIONAL DO TEATRO E DO CIRCO DE TERESINA - SENTHE, EM TERESINA(PI)",2023-03-21,"PATROCÍNIO PARA REALIZAÇÃO DA SEMANA NACIONAL DO TEATRO E DO CIRCO DE TERESINA - SENTHE, A SER REALIZADO NO PERÍODO DE 23 A 27 DE MARÇO DE 2023, NA ÁREA EM FRENTE AO TEAREO 4 DE SETEMBRO, NO TEATRO TORQUATO NETO, NA GALERIA DE ARTE ""NONATO OLIVEIRA, ALÉM DO ESPAÇO CULTURAL ""OSÓRIO JUNIOR, EM TERESINA(PI)."
07 de DEZEMBRO de 2023,250000.0,"PATROCÍNIO REFERENTE AO PROJETO: CARAVANA RABECA DE NATAL,A SER REALIZADO NAS CIDADES :TERESINA , CRISTINO CASTRO ,CURRAIS E  BOM JESUS-PI. COM ESPETÁCULOS DE MÚSICA, DANÇA E TEATRO.",,"PATROCÍNIO REFERENTE AO PROJETO: CARAVANA RABECA DE NATAL,A SER REALIZADO NAS CIDADES :TERESINA , CRISTINO CASTRO ,CURRAIS E  BOM JESUS-PI. COM ESPETÁCULOS DE MÚSICA, DANÇA E TEATRO. NO PERÍODO DE 07 DE DEZEMBRO DE 2023 A 06 DE JANEIRO DE 2024."
06 de JANEIRO de 2024,250000.0,"PATROCÍNIO REFERENTE AO PROJETO: CARAVANA RABECA DE NATAL,A SER REALIZADO NAS CIDADES :TERESINA , CRISTINO CASTRO ,CURRAIS E  BOM JESUS-PI. COM ESPETÁCULOS DE MÚSICA, DANÇA E TEATRO.",,"PATROCÍNIO REFERENTE AO PROJETO: CARAVANA RABECA DE NATAL,A SER REALIZADO NAS CIDADES :TERESINA , CRISTINO CASTRO ,CURRAIS E  BOM JESUS-PI. COM ESPETÁCULOS DE MÚSICA, DANÇA E TEATRO. NO PERÍODO DE 07 DE DEZEMBRO DE 2023 A 06 DE JANEIRO DE 2024."
14 de abril de 2024,250000.0,"Referente ao patrocínio relativo  ao Projeto EMPREENDE PIAUÍ REDES DE PEDRO II, que será exibido na data de 14 de abril de 2024, em emissora de TV aberta,",2024-04-09,"Referente ao  patrocínio relativo ao Projeto EMPREENDE PIAUÍ REDES DE PEDRO II, que será exibido na data de 14 de abril de 2024, em emissora de TV aberta,"
07/07/2023,250000.0,REFERENTE A REALIZAÇÃO DE VAQUEJADA NO MUNICIPIO DE COLÔNIA DO PI - PI,2023-07-07,REFERENTE A REALIZAÇÃO DE VAQUEJADA NO MUNICIPIO DE COLÔNIA DO PI - PI Data 07/07/2023 Banda: Zé Vaqueiro
13 de FEVEREIRO de 2024,260000.0,CARNAVAL DO POVO - BAIRRO SANTA LUZIA EM TERESINA(PI),2024-02-09,"CONTRATAÇÃO DE ATRAÇÕES MUSICAIS(BANADAS) PARA REALIZAÇÃO DO CARNAVAL DO POVO - BAIRRO SANTA LUZIA, A SER REALIZADO DIA 13 DE FEVEREIRO DE 2024, NO MUNICÍPIO DE TERESINA(PI)."
15 de JUNHO de 2024,265000.0,Apresentação PE FÁBIO DE MELO nos festejos de CAMPO MAIOR/PI,2024-06-14,"APRESENTAÇÃO ARTÍSTICA DO PADRE FÁBIO DE MELO, COM DURAÇÃODE 01:30HS, A SER REALIZADA NO DIA 15 DE JUNHO DE 2024, EM PRAÇA PÚBLICA, NA CIDADE DE CAMPO MAIOR/PI, NA OPORTUNIDADE DOS FESTEJOS DE SANTO ANTÔNIO.  CONTRATO 139/2024"
28 de ABRIL de 2024,280000.0,"PROPOSTA DE PATROCÍNIO REFERENTE AO EVENTO ¿PEDAL DO TRABALHADOR¿, NOS DIAS 27 E 28 DE ABRIL  DE 2024, NO MUNICÍPIO DE ALTOS-PI.",2024-04-27,"PROPOSTA DE PATROCÍNIO REFERENTE AO EVENTO ¿PEDAL DO TRABALHADOR¿, NOS DIAS 27 E 28 DE ABRIL  DE 2024, NO MUNICÍPIO DE ALTOS-PI."
20 de Abril de 2024,280000.0,"Referente ao Patrocinio para realizar Eventos FIOS DE PROSPERIDADE: O POLO TÊXTIL DE PIRIPIRI, que será exibido na data de 20 de Abril de 2024, Em Tv aberta",2024-04-22,"Referente Patrocinio  para realização de Eventos  FIOS DE PROSPERIDADE: O POLO TÊXTIL DE PIRIPIRI, que será exibido na data de 20 de Abril de 2024, Em Tv aberta."
09 de MARÇO de 2024,290000.0,3ª FeMMEPi - Feira de Mulheres Microempreendedoras de Picos,2024-03-08,¿3º FeMMEPi - Feira de Mulheres Microempreendedora de Picos¿ LOCAL E CIDADE: PICOENSE CLUBE ¿ PICOS/PI DATA: 09 DE MARÇO DE 2024
29 de Julho de 2023,290000.0,"I FEIRA DA AGRICULTURA IRRIGADA, no municipio de BONFIM DO PIAUÍ, nos dias 28 e 29 de Julho de 2023",2023-07-27,"I FEIRA DA AGRICULTURA IRRIGADA, no município de BONFIM DO PIAUÍ, nos dias 28 e 29 de Julho de 2023."
13 de abril de 2024,290000.0,"Referente ao patrocínio relativo ao Projeto EMPREENDE PIAUI CERÂMICA DA CAPIVARA, que será exibido na data de 13 de abril de 2024, em TV ABERTA.",2024-04-19,"Referente ao patrocínio relativo ao Projeto EMPREENDE PIAUI CERÂMICA DA CAPIVARA, que será exibido na data de 13 de abril de 2024, em TV ABERTA."
31 de MARÇO de 2024,300000.0,"ANIVERSÁRIO DE SÃO GONÇALO DO PIAUÍ, NO MUNICÍPIO DE SÃO GONÇALO DO PIAUÍ(PI)",2024-03-25,"CONTRATAÇÃO DE ATRAÇÃO MUSICAL(BANDA) PARA APRESENTAÇÃO ARTÍSTICA NO EVENTO: ANIVERSÁRIO DE SÃO GONÇALO DO PIAUÍ, A SER REALIZADO NO DIA 31 DE MARÇO DE 2024, NO MUNICÍPIO DE SÃO GONÇALO DO PIAUÍ."
13 de FEVEREIRO de 2024,300000.0,"CARNAVAL DO MELA MELA DO XAROBÁ, NO PLANALTO ININGA EM TERESINA(PI)",2024-02-09,"CONTRATAÇÃO DE ARTRAÇÕES MUSICAIS(BANDA), PARA REALIZAÇÃO DO CARNAVAL DO MELA MELA DO XAROBÁ, A SER REALIZADO NO DIA 11 E 13 DE FEVEREIRO DE 2024, NO BAIRRO PLANALTO ININGA, NO MUNICÍPIO DE TERESINA(PI)."
13 de FEVEREIRO de 2024,300000.0,"CARNAVAL DO POVO DO BAIRRO POTI VELHO, NO MUNICÍPIO DE TERESINA(PI)",2024-02-09,"CONTRATAÇÃO DE ATRAÇÕES MUSICAIS(BANDA), PARA REALIZAÇÃO DO CARNAVAL DO BAIRRO POTY VELHO, A SER REALIZADO NOS DIAS 10, 12 E 13 DE FEVEREIRO DE 2024, NO MUNICÍPIO DE TERESINA(PI)."
15 de JUNHO de 2024,300000.0,"I COPA EVANGÉLICA DE FUTEBOL DE TERESINA¿¿, A SER REALIZADO NOS DIAS 01 DE ABRIL A 15 DE JUNHO DE 2024, NO MUNICIPIO DE TERESINA-PI",2024-06-04,"I COPA EVANGÉLICA DE FUTEBOL DE TERESINA¿¿, A SER REALIZADO NOS DIAS 01 DE ABRIL A 15 DE JUNHO DE 2024, NO MUNICÍPIO DE TERESINA-PI."
27 de ABRIL de 2024,300000.0,"PATROCÍNIO AO PROJETO DOCUMENTÁRIO ESPAÇO DA LUZ: MATERNIDADE EVANGELINA ROSA, NO MUNICÍPIO DE TERESINA(PI)",2024-04-25,"PATROCÍNIO PARA REALIZAÇÃO DO PROJETO DOCUMENTÁRIO ESPAÇO DA LUZ: MATERNIDADE EVANGELINA ROSA, A SER EXIBIDO NO DIA 27 DE ABRIL DE 2024, NO MUNICÍPIO DE TERESINA(PI)."
12 de FEVEREIRO de 2024,300000.0,"PATROCÍNIO AO PROJETO I CARNABRASA, NO MUNICÍPIO DE BRASILEIRA(PI)",2024-02-09,"PATROCÍNIO AO PROJETO I CARNABRASA, A SER REALIZADO NO DIA 12 DE FEVEREIRO DE 2024, NA PRAÇA ZACARIAS FERREIRA, NO BAIRRO ESTAÇÃO, NO MUNICÍPIO DE BRASILEIRA(PI)."
06 de JULHO de 2024,300000.0,"PATROCÍNIO AO PROJETO XXXV FESTA DO VAQUEIRO, NO MUNICÍPIO DE SÃO FRANCISCO DO PIAUÍ",2024-06-27,"PATROCÍNIO PARA REALIZAÇÃO DO EVENTO: XXXV FESTA DO VAQUEIRO, A SER REALIZADO NOS DIAS 03, 04, 05 e 06 DE JULHO DE 2024, NO MUNICÍPIO DE SÃO FRANCISCO DO PIAUÍ."
29 de Maio de 2024,300000.0,"Patrocínio da  ¿IX COPA PRÉ RURAL 2024 ¿, que SERIA REALIZADA NOS DIAS 19 DE JUNHO A 15 DE JULHO DE 2024",2024-06-14,"o evento: ¿IX COPA PRÉ RURAL 2024 ¿, que SERIA REALIZADA NOS DIAS 02 a 29 de Maio DE 2024, na Zona Rural no município deTeresina- PI, conforme consta nos autos. O referido evento PASSARÁ A SER REALIZADO NOS DIAS 19 DE JUNHO A 15 DE JULHO DE 2024, t"
15 de JULHO de 2024,300000.0,"Patrocínio da  ¿IX COPA PRÉ RURAL 2024 ¿, que SERIA REALIZADA NOS DIAS 19 DE JUNHO A 15 DE JULHO DE 2024",2024-06-14,"o evento: ¿IX COPA PRÉ RURAL 2024 ¿, que SERIA REALIZADA NOS DIAS 02 a 29 de Maio DE 2024, na Zona Rural no município deTeresina- PI, conforme consta nos autos. O referido evento PASSARÁ A SER REALIZADO NOS DIAS 19 DE JUNHO A 15 DE JULHO DE 2024, t"
21 de junho de 2024,300000.0,"Patrocínio para a realização do evento Campeonato de Futebol Society, a ser realizado nos dias 17 a 21 de junho de 2024, no município de Teresina-PI.",2024-06-18,"Patrocínio para a realização do evento Campeonato de Futebol Society, a ser realizado nos dias 17 a 21 de junho de 2024, no município de Teresina-PI."
19 de MARÇO de 2024,300000.0,"PATROCÍNIO REFERENTE AO PROJETO SEIS E MEIA - ZIZI POSSI, NO MUNICÍPIO DE TERESINA(PI).",2024-03-18,"PATROCÍNIO PARA REALIZAÇÃO DO EVENTO: PROJETO SEIS E MEIA - ZIZI POSSI, A SER REALIZADO NO DIA 19 DE MARÇO DE 2024, NO THEATRO 4 DE SETEMBRO, NO MUNICÍPIO DE TERESINA(PI)."
23 de janeiro de 2024,300000.0,"Projeto de Patrocínio - Noite Cultural  de Oeiras -PI, a ser realizado no dia 23 de janeiro de 2024,  NA  praça das violentas com apresentação do Cantor Toni Garrido.",2023-12-20,"Projeto de Patrocínio - Noite Cultural  de Oeiras -PI. a ser realizado no dia 23 de janeiro de 2024, na praça das violentas com apresentação do Cantor Toni Garrido."
09 de abril de 2024,300000.0,"Realização do evento Projeto Seis e Meia Eixo Norte,  realizado no período de 06 a 09 de abril de 2024, nos municípios de Teresina-PI, Oeiras, Piripiri e Parnaíba-PI.",2024-04-06,"Realização do evento Projeto Seis e Meia Eixo Norte, a ser realizado no período de 06 a 09 de abril de 2024, nos municípios de Teresina-PI, Oeiras, Piripiri e Parnaíba-PI"
21 de SETEMBRO de 2024,300000.0,TAÇA DAS FAVELAS PIAUÍ 2024,2024-07-08,"PATROCÍNIO DO PROJETO ""TAÇA DAS FAVELAS PIAUÍ 2024"", QUE ACONTECERÁ ENTRE OS DIAS 13 E 28 DE JULHO E 21 DE SETEMBRO DE 2024, NO MUNICÍPIO DE TERESINA - PI."
10 de março de 2024,300000.0,"Visando o patrocínio do evento ¿ANIVERSÁRIO DE LUZILÂNDIA¿, que ocorrerá dia 10 de março de 2024, em Luzilândia-PI.",2024-03-08,"Referente ao   patrocínio do evento ANIVERSÁRIO DE LUZILÂNDIA¿, que ocorrerá dia 10 de março de 2024, em Luzilândia-PI."
22 de Abril de 2024,310000.0,FÓRUM ESTADUAL DE EDUCAÇÃO INCLUSIVA E ACESSIBILIDADE,2024-04-22,"A concessão de patrocínio para a realização do evento Fórum Estadual de Educação Inclusiva e Acessibilidade, a ser realizado no dia 22 de Abril de 2024, no município de Teresina/PI."
01 de MAIO de 2024,330000.0,"FESTA DO TRABALHADOR, NO MUNICÍPIO DE LAGOA ALEGRE(PI)",2024-04-30,"CONTRATAÇÃO DE ATRAÇÕES MUSICAIS(BANDAS), PARA APRESENTAÇÃO NO EVENTO: TRADICIONAL FESTA DO TRABALHADOR, A SER REALIZADO NO DIA 01 DE MAIO DE 2024, NO MUNICÍPIO DE LAGOA ALEGRE(PI)."
03 de JULHO de 2024,330000.0,"XLVI ENCONTRO NACIONAL DE FOLGUEDOS, NO MUNICÍPIO DE TERESINA(PI).",2024-07-03,"CONTRATAÇÃO DE ATRAÇÕES MUSICAIS(BANDAS), PARA APRESENTAÇÃO ARTÍSTICA NO EVENTO: XLVI ENCONTRO NACIONAL DE FOLGUEDOS, A SER REALIZADO DIA 03 DE JULHO DE 2024, NO ARENA TERESINA SHOPPING, NO MUNICÍPIO DE TERESINA(PI)."
30 de MAIO de 2024,350000.0,"MARCHA PARA JESUS,¿ A SER REALIZADO NO DIA 30 DE MAIO DE 2024, EM TERESINA-PI.",2024-05-29,"MARCHA PARA JESUS,¿ A SER REALIZADO NO DIA 30 DE MAIO DE 2024, EM TERESINA-PI."
13 de MARÇO de 2024,350000.0,"REALIZAÇÃO DO PROJETO BATALHA DO JENIPAPO, NO MUNICÍPIO DE CAMPO MAIOR(PI)",2024-03-12,"PATROCÍNIO PARA REALIZAÇÃO DO PROJETO BATALHA DO JENIPAPO, A SER REALIZADO NO DIA 13 DE MARÇO DE 2024, NO MOMUMENTO HERÓIS DO JENIPAPO, NO MUNICÍPIO DE CAMPO MAIOR(PI)"
11 de JUNHO de 2024,389833.0,II FEIRA DA AGRICULTURA IRRIGADA. DATA: 11 DE JUNHO DE 2024. NO MUNICIPIO DE GUARIBAS-PI.,2024-06-04,II FEIRA DA AGRICULTURA IRRIGADA. DATA: 11 DE JUNHO DE 2024. NO MUNICIPIO DE GUARIBAS-PI.
06 de FEVEREIRO de 2024,390000.0,"PATROCÍNIO AO PROJETO SEIS E MEIA - EDIÇÃO ESPECIAL, COM NEGUINHO DA BEIJA FLOR, NO MUNICÍPIO DE TERESINA(PI)",2024-02-05,"PATROCÍNIO AO PROJETO SEIS E MEIA - EDIÇÃO ESPECIAL, COM NEGUINHO DA BEIJA FLOR, A SER REALIZADO DIA 06 DE FEVEREIRO DE 2024, NA GALERIA DE ARTE NONATO OLIVEIRA - CLUBE DOS DIÁRIOS, NO MUNICÍPIO DE TERESINA(PI)."
13 de fevereiro de 2024,400000.0,CARNAVAL DAMARECHA 2024,2024-02-09,"O Projeto CARNAVAL DAMARECHAL a ser realizado nas datas de 10 a 13 de fevereiro de 2024, em Teresina-PI."
10 de março de 2024,400000.0,Enduro Desafio do Jenipapo 37ª EDIÇÃO,2024-02-27,"o Projeto Enduro Desafio do Jenipapo 37ª EDIÇÃO, que tem como objetivo fomentar a prática do turismo de esportes e de lazer por meio da realização de uma competição esportiva voltada ao ciclismo e ao motociclismo dias 09 e 10 de março de 2024 entre as cidades de Teresina-PI e Campo Maior - PI."
09 de JUNHO de 2024,400000.0,IMPERADOR RACE 2024,2024-03-27,"PATROCÍNIO DO PROJETO ""IMPERADOR RACE 2024"", QUE TEM COMO OBJETIVO FOMENTAR A PRÁTICA DO TURISMO DE ESPORTES E DE LAZER POR MEIO DA REALIZAÇÃO DE ATIVIDADE ESPORTIVA VINCULADA AO CICLISMO. A COMPETIÇÃO OCORRERÁ NOS DIAS 08 E 09 DE JUNHO DE 2024, NO MUNICÍPIO DE PEDRO II - PI."
30 de JUNHO de 2024,400000.0,"PATROCÍNIO AO PROJETO XIX FESTIVAL CULTURAL DOS COCAIS, NO MUNICÍPIO DE SÃO JOÃO DO ARRAIAL(PI).",2024-06-27,"PATROCÍNIO PARA REALIZAÇÃO DO EVENTO: XIX FESTIVAL CULTURAL DOS COCAIS, A SER REALIZADO NO PERÍODO DE 28 A 30 DE JUNHO DE 2024, NO MUNICÍPIO DE SÃO JOÃO DO ARRAIAL(PI)."
13 de FEVEREIRO de 2024,400000.0,"PROPOSTA DE PATROCÍNIO REFERENTE AO EVENTO ""CARNAVAL DE CABECEIRAS-PI¿¿ A SER REALIZADO NOS DIAS 10 A 13 DE FEVEREIRO DE 2024, COM LOCAÇÃO E ESTRUTURA, PRODUÇÃO DE MÍDIAS DE DIVULGAÇÃO.",2024-02-10,"PROPOSTA DE PATROCÍNIO REFERENTE AO EVENTO ""CARNAVAL DE CABECEIRAS-PI¿¿ A SER REALIZADO NOS DIAS 10 A 13 DE FEVEREIRO DE 2024, COM LOCAÇÃO E ESTRUTURA, PRODUÇÃO DE MÍDIAS DE DIVULGAÇÃO."
13 de fevereiro de 2024,425000.0,"Visando o patrocínio para a realização do evento ""Carnaval de Luzilândia 2024"" que irá acontecer nos períodos de 10 a 13 de fevereiro de 2024, no município de Luzilandia - PI, evento a ser realizado pela empresa BRAZIL86 PRODUCAO E EVENTOS LTDA. Oriundos de Emenda Parlamentar da Deputada Janaina Marques.",2024-02-07,"Visando o patrocínio para a realização do evento ""Carnaval de Luzilândia 2024"" que irá acontecer nos períodos de 10 a 13 de fevereiro de 2024, no município de Luzilândia - PI, evento a ser realizado pela empresa BRAZIL86 PRODUCAO E EVENTOS LTDA. Oriundos de Emenda Parlamentar da Deputada Janaina Marques."
30 de março de 2024,500000.0,"BENDITA PRAIA, a ser realizado na data de 30 de março de 2024, na cidade de Luís Correia-PI",2024-03-30,"¿BENDITA PRAIA¿, a ser realizado na data de 30 de março de 2024, na cidade de Luís Correia-PI"
13 de FEVEREIRO de 2024,500000.0,"PATROCÍNIO REFERENTE AO PROJETO CARNAVAL DA SUÍÇA PII, NO MUNICÍPIO DE PEDRO II(PI)",2024-02-09,"PATROCÍNIO REFERENTE AO PROJETO CARNAVAL DA SUÍÇA PII, A SER REALIZADO NO PERÍODO DE 10 A 13 DE FEVEREIRO DE 2024, NO MUNICÍPIO DE PEDRO II(PI)."
5 de julho de 2024,525000.0,"Patrocínio para a realização do SaLiBom - Salão do Livro de Bom Jesus - Ano: Escritor Juvenal Carvalho Santos, nos dias  3, 4 e 5 de julho de 2024, em Bom Jesus-PI.",2024-05-28,"Patrocínio para a realização do SaLiBom - Salão do Livro de Bom Jesus - Ano: Escritor Juvenal Carvalho Santos, nos dias  3, 4 e 5 de julho de 2024, em Bom Jesus-PI."
07 de JULHO de 2024,600000.0,PICOS PRO RACE 2024,2024-07-05,"PATROCÍNIO DO PROJETO PICOS PRO RACE 2024, QUE ACONTECERÁ NOS DIAS 05, 06 E 07 DE JULHO DE 2024, NO MUNICÍPIO DE PICOS/PI."
10 de MAIO de 2024,650000.0,"PATROCÍNIO AO PROJETO 9º SALIPA - SALÃO DO LIVRO DE PARNAÍBA - ANO ALCENOR CANDEIRA FILHO, NO MUNICÍPIO DE PARNAÍBA(PI)",2024-05-28,"CONCESSÃO DE PATROCÍNIO PARA REALIZAÇÃO DO EVENTO 9º SALIPA - SALÃO DO LIVRO DE PARNAÍBA - ANO ALCENOR CANDEIRA FILHO, A SER REALIZADO NO PERÍODO DE 08 A 10 DE MAIO DE 2024, NO CAMPUS DA  UNIVERSIDADE FEDERAL DO DELTA DO PARNAÍBA(UFDPar), NO MUNICÍPIO DE PARNAÍBA(PI)."
16 de JUNHO de 2024,750000.0,PROJETO CULTURAL CIDADE JUNINA 2024,2024-06-14,"PATROCÍNIO DO PROJETO CULTURAL CIDADE JUNINA 2024, QUE ACONTECERÁ ENTRE OS DIAS 12 A 16 DE JUNHO DE 2024, NO MUNICÍPIO DE TERESINA/PI."
25 de MAIO de 2024,810000.0,"BOM JESUS AGROSHOW 2024 NOS DIAS  23, 24 E 25 DE MAIO de 2024, NO MUNICÍPIO DE BOM JESUS-PI",2024-05-24,"REF A EVENTO BOM JESUS AGROSHOW 2024 NOS DIAS  23, 24 E 25 DE MAIO de 2024, NO MUNICÍPIO DE BOM JESUS-PI"
20 de JULHO de 2024,840000.0,XLI SEMANA CULTURAL DA JUVENTUDE IPIRANGUENSE,2024-07-04,"""XLI SEMANA CULTURAL DA JUVENTUDE IPIRANGUENSE"", QUE ACONTECERÁ ENTRE OS DIAS 11 E 20 DE JULHO DE 2024, NO MUNICÍPIO DE IPIRANGA - PI."
16 de junho de 2024,900000.0,"Realização do 22º SaLiPi - Salão do Livro do Piauí  e 27º Seminário Língua Viva. O evento que acontece no Espaço Rosa dos Ventos ( Universidade Federal do Piauí) UFPI - Campus Ministro Petrônio Portella, no período de 7 a 16 de junho de 2024.",2024-07-06,"Realização do 22º SaLiPi - Salão do Livro do Piauí  e 27º Seminário Língua Viva. O evento que acontece no Espaço Rosa dos Ventos - Universidade Federal do Piauí - UFPI - Campus Ministro Petrônio Portella, no período de 7 a 16 de junho de 2024."
24 de JUNHO de 2024,1000000.0,FESTEJOS JUNINOS DE SÃO JOÃO DO PIAUÍ 2024,2024-06-13,"PATROCÍNIO DO EVENTO ""FESTEJOS JUNINOS DE SÃO JOÃO DO PIAUÍ"", QUE SERÁ REALIZADO NO PERÍODO DE 15 A 24 DE JUNHO DE 2024, NO MUNICÍPIO DE SÃO JOÃO DO PIAUÍ, COM O OBJETIVO DE POTENCIALIZAR AS FESTIVIDADES E O TURISMO REGIONAL. Nº136/2024"
02 de fevereiro de 2024,1050000.0,PROJETO ZÉ PEREIRA DE PICOS,2024-01-29,"PROJETO ZÉ PEREIRA DE PICOS¿, a ser realizado no dia 02 de fevereiro de 2024, no município de Picos - PI"
09 de junho de 2024,1100000.0,Concessão de patrocínio para a realização do evento: 4ª Expopiracuruca,2024-06-05,"Concessão de patrocínio para a realização do evento: 4ª Expopiracuruca, a ser realizado nas datas de 07 a 09 de junho de 2024, na cidade de Piracuruca-PI."
21 de julho de 2024,1100000.0,Patrocínio para a realização do evento: 47ª Expo Corrente,2024-05-22,Concessão de patrocínio para a realização do evento: 47ª Expo Corrente que acontecerá nos dias 14 a 21 de julho de 2024 no município de Corrente - PI.
30 de DEZEMBRO de 2023,1150000.0,PROJETO EXPOSIÇÃO NASCE O PORTO,2023-12-13,"PROJETO EXPOSIÇÃO NASCE O PORTO"", QUE ACONTECERÁ ENTRE OS DIAS 13 E 30 DE DEZEMBRO DE 2023, NO PORTO DE LUIS CORREIA - PI."
13 de FEVEREIRO de 2024,1200000.0,"CARNAVAL DE LUIS CORREIA 2024, A SER REALIZADO ENTRE OS DIAS 10 E 13 DE FEVEREIRO DE 2024, NO MUNICÍPIO DE LUIS CORREIA - PI",2024-02-09,"CARNAVAL DE LUIS CORREIA 2024, A SER REALIZADO ENTRE OS DIAS 10 E 13 DE FEVEREIRO DE 2024, NO MUNICÍPIO DE LUIS CORREIA - PI"
4 de fevereiro de 2024,1250000.0,"projeto ZÉ PEREIRA DE JOSÉ DE FREITAS 2024, a ser realizado nas datas de 26, 27, 28 de janeiro e 4 de fevereiro de 2024, em José de Freitas-PI",2024-02-02,"projeto ZÉ PEREIRA DE JOSÉ DE FREITAS 2024, a ser realizado nas datas de 26, 27, 28 de janeiro e 4 de fevereiro de 2024, em José de Freitas-PI"
10 de DEZEMBRO de 2023,1557315.0,REFERENTE AO PATROCÍNIO PARA OS 72 ANOS DE EXPOAPI NOS DIAS 03 A 10 DE DEZEMBRO DE 2023 NO MUNICÍPIO DE TERESINA.,2023-11-27,REFERENTE AO PATROCÍNIO PARA OS 72 ANOS DE EXPOAPI NOS DIAS 03 A 10 DE DEZEMBRO DE 2023 NO MUNICÍPIO DE TERESINA.
28 de JULHO de 2024,2000000.0,"PATROCÍNIO ""PIAUÍ, SEU DESTINO DE VERÃO""",2024-07-19,"PATROCÍNIO ""PIAUÍ, SEU DESTINO DE VERÃO"", QUE ACONTECERÁ ENTRE OS DIAS 20 A 28 DE JULHO DE 2024, NO LITORAL DO ESTADO DO PIAUÍ, CONFORME CONTRATO 181/2024 ."
02 de JUNHO de 2024,2836300.0,"PATROCÍNIO AO PROJETO FESTIVAL DE INVERNO DE PEDRO II, NO MUNICÍPIO DE PEDRO II(PI)",2024-05-29,"PATROCÍNIO PARA REALIZAÇÃO DO FESTIVAL DE INVERNO DE PEDRO II, A SER REALIZADO NO PERÍODO DE 30 e 31 DE MAIO e 01 E 02 DE JUNHO DE 2024, NO MUNICÍPIO DE PEDRO II(PI)."
07 de JULHO de 2024,3070000.0,"XLVI ENCONTRO NACIONAL DE FOLGUEDOS - DE OEIRAS A BELÉM TRADIÇÃO QUE SÓ A GENTE TEM, NO MUNICÍPIO DE TERESINA(PI).",2024-07-02,"PATROCÍNIO PARA REALIZAÇÃO DO EVENTO: XLVI ENCONTRO NACIONAL DE FOLGUEDOS, NO ARENA DO TERESINA SHOPPING, NO PERÍODO DE 02 A 07 DE JULHO DE 2024, NO MUNICÍPIO DE TERESINA(PI)."
